"","sizeclass","data","area","season"
"365",1,341.19868666548,"3",1
"885",2,572.137773535906,"3",1
"1406",3,597.832696054094,"3",1
"1928",4,409.194038788126,"3",1
"2446",5,208.768140588131,"3",1
"417",1,524.404006646109,"4",1
"938",2,890.665823328931,"4",1
"1460",3,670.644749919081,"4",1
"1979",4,325.445199714594,"4",1
"2497",5,161.636667522206,"4",1
"470",1,261.819901815967,"5",1
"992",2,532.049006195972,"5",1
"1512",3,575.862503513958,"5",1
"2030",4,423.960817161214,"5",1
"2549",5,287.372278646232,"5",1
"2",1,306.728889827247,"10",1
"524",2,692.471733769428,"10",1
"1043",3,695.093719502951,"10",1
"1561",4,473.734534247424,"10",1
"2082",5,355.162468459146,"10",1
"56",1,348.866670496621,"11",1
"575",2,666.149175872499,"11",1
"1095",3,648.345704115295,"11",1
"1613",4,457.446280893778,"11",1
"2136",5,340.320810929049,"11",1
"108",1,192.172818969697,"12",1
"627",2,163.394394147097,"12",1
"1145",3,231.297274990210,"12",1
"1665",4,379.25176948031,"12",1
"2187",5,394.056996640479,"12",1
"158",1,428.020523460922,"13",1
"677",2,802.102827725385,"13",1
"1200",3,787.680944658092,"13",1
"1720",4,553.140584376986,"13",1
"2238",5,390.628784291429,"13",1
"210",1,202.808859981935,"14",1
"732",2,536.984066386001,"14",1
"1252",3,636.546146086567,"14",1
"1771",4,545.483921124233,"14",1
"2290",5,558.894363290588,"14",1
"366",1,358.691081350102,"3",2
"888",2,589.609910655565,"3",2
"1408",3,601.407467035326,"3",2
"1926",4,397.880329144135,"3",2
"2445",5,194.254698642959,"3",2
"418",1,525.302347797851,"4",2
"940",2,886.4759260994,"4",2
"1459",3,666.287737267099,"4",2
"1977",4,322.219902759425,"4",2
"2498",5,158.374995423916,"4",2
"472",1,272.120784726917,"5",2
"991",2,538.832055715815,"5",2
"1511",3,571.678449717192,"5",2
"2031",4,414.704149474802,"5",2
"2552",5,277.386100890527,"5",2
"4",1,321.909834480364,"10",2
"522",2,702.529454665504,"10",2
"1042",3,686.699731295068,"10",2
"1562",4,458.943401690678,"10",2
"2084",5,338.336066836494,"10",2
"55",1,366.323674148183,"11",2
"574",2,678.064176334589,"11",2
"1094",3,638.959968687201,"11",2
"1616",4,438.510519337124,"11",2
"2135",5,319.82572910324,"11",2
"107",1,179.053649482321,"12",2
"626",2,163.548778032250,"12",2
"1148",3,219.096972611367,"12",2
"1668",4,342.641717761035,"12",2
"2188",5,389.818310491683,"12",2
"160",1,421.823014442485,"13",2
"678",2,794.790893407512,"13",2
"1197",3,786.614224395823,"13",2
"1718",4,556.656516079383,"13",2
"2240",5,395.143958274556,"13",2
"211",1,198.264039107855,"14",2
"729",2,517.91907352725,"14",2
"1251",3,605.72274176149,"14",2
"1772",4,512.117268965191,"14",2
"2292",5,517.679154171042,"14",2
"368",1,378.157254420842,"3",3
"887",2,610.975226049136,"3",3
"1407",3,605.752554155067,"3",3
"1927",4,385.577231079406,"3",3
"2448",5,180.475805979168,"3",3
"420",1,525.058773183887,"4",3
"939",2,877.758174594227,"4",3
"1457",3,655.862936324125,"4",3
"1978",4,315.449175051396,"4",3
"2500",5,153.751021019852,"4",3
"469",1,283.776504297247,"5",3
"989",2,547.521077431092,"5",3
"1510",3,567.36753131051,"5",3
"2032",4,404.215206923541,"5",3
"2550",5,267.015831491316,"5",3
"1",1,339.214657071273,"10",3
"523",2,716.373959228332,"10",3
"1044",3,680.503217357386,"10",3
"1563",4,444.881257236424,"10",3
"2081",5,322.463142042892,"10",3
"53",1,385.260691482406,"11",3
"573",2,691.974184607558,"11",3
"1093",3,629.130708154604,"11",3
"1615",4,418.611938681051,"11",3
"2134",5,299.803269095759,"11",3
"106",1,166.092460240853,"12",3
"625",2,164.327639813721,"12",3
"1147",3,206.923978691930,"12",3
"1667",4,305.093769959762,"12",3
"2186",5,378.740107801206,"12",3
"157",1,415.051802686641,"13",3
"679",2,783.815416554976,"13",3
"1199",3,778.399264835704,"13",3
"1719",4,553.306946288434,"13",3
"2237",5,394.676670653770,"13",3
"209",1,192.880086173322,"14",3
"730",2,494.856900425098,"14",3
"1250",3,568.415468746435,"14",3
"1770",4,471.99316819033,"14",3
"2289",5,468.598885803632,"14",3
"367",1,399.488479509898,"3",4
"886",2,636.07984919338,"3",4
"1405",3,610.774446928129,"3",4
"1925",4,372.629305944229,"3",4
"2447",5,167.579695037486,"3",4
"419",1,523.768080623392,"4",4
"937",2,865.098301744095,"4",4
"1458",3,640.240327176329,"4",4
"1980",4,305.704909790618,"4",4
"2499",5,148.046731246547,"4",4
"471",1,296.704852258045,"5",4
"990",2,557.956467112785,"5",4
"1509",3,562.993804706095,"5",4
"2029",4,392.822949878786,"5",4
"2551",5,256.497884534035,"5",4
"3",1,358.573386347202,"10",4
"521",2,733.763322059414,"10",4
"1041",3,676.350099609311,"10",4
"1564",4,431.640868835512,"10",4
"2083",5,307.63971085498,"10",4
"54",1,405.532832759598,"11",4
"576",2,707.684753110895,"11",4
"1096",3,619.036765487323,"11",4
"1614",4,398.297158697632,"11",4
"2133",5,280.584286423782,"11",4
"105",1,153.573085098224,"12",4
"628",2,165.680897731545,"12",4
"1146",3,195.019462247539,"12",4
"1666",4,268.398682658078,"12",4
"2185",5,362.042408533291,"12",4
"159",1,407.864098101491,"13",4
"680",2,769.741684667821,"13",4
"1198",3,763.904699713121,"13",4
"1717",4,543.786366972758,"13",4
"2239",5,389.641736449842,"13",4
"212",1,186.861861404275,"14",4
"731",2,468.989480811537,"14",4
"1249",3,526.986573791735,"14",4
"1769",4,428.074704342346,"14",4
"2291",5,415.752906893581,"14",4
"382",1,430.985710280038,"3",5
"902",2,635.386743223764,"3",5
"1423",3,607.506788456349,"3",5
"1945",4,365.88231765053,"3",5
"2463",5,155.315716075043,"3",5
"434",1,531.967927187106,"4",5
"955",2,811.596683096354,"4",5
"1477",3,611.437320838247,"4",5
"1996",4,298.941324671500,"4",5
"2514",5,141.226328337164,"4",5
"487",1,317.02220169048,"5",5
"1009",2,544.794852559102,"5",5
"1529",3,550.57906778631,"5",5
"2047",4,387.757692153588,"5",5
"2566",5,245.487196696266,"5",5
"19",1,387.48271843166,"10",5
"541",2,721.134177950886,"10",5
"1060",3,664.405018033235,"10",5
"1578",4,426.921619878919,"10",5
"2099",5,293.276363920813,"10",5
"73",1,435.493661951164,"11",5
"592",2,692.957232749795,"11",5
"1112",3,600.084010672566,"11",5
"1630",4,384.91091989732,"11",5
"2153",5,261.831647510831,"11",5
"125",1,144.546360679283,"12",5
"644",2,160.159549438206,"12",5
"1162",3,180.936218370859,"12",5
"1682",4,238.109058939739,"12",5
"2204",5,340.331181605965,"12",5
"175",1,408.422880962306,"13",5
"694",2,719.868922458787,"13",5
"1217",3,733.403013746917,"13",5
"1737",4,538.581321969417,"13",5
"2255",5,379.745066569724,"13",5
"227",1,184.014775326328,"14",5
"749",2,421.925303233202,"14",5
"1269",3,476.619844494608,"14",5
"1788",4,389.924759056965,"14",5
"2307",5,361.799948993669,"14",5
"383",1,456.014478345031,"3",6
"905",2,666.02146033488,"3",6
"1425",3,613.508690979627,"3",6
"1943",4,352.316840700381,"3",6
"2462",5,144.468147624630,"3",6
"435",1,528.82685599905,"4",6
"957",2,793.737144227482,"4",6
"1476",3,588.612239333517,"4",6
"1994",4,284.859867441667,"4",6
"2515",5,134.211457277610,"4",6
"489",1,332.459219675448,"5",6
"1008",2,557.642487086183,"5",6
"1528",3,546.326562928386,"5",6
"2048",4,375.240316301251,"5",6
"2569",5,235.293781331572,"5",6
"21",1,411.04442980206,"10",6
"539",2,743.872953332416,"10",6
"1059",3,663.965100562048,"10",6
"1579",4,415.347177687914,"10",6
"2101",5,280.776239433028,"10",6
"72",1,458.256442177166,"11",6
"591",2,710.806330621242,"11",6
"1111",3,590.104028479085,"11",6
"1633",4,364.754630187262,"11",6
"2152",5,244.948608287623,"11",6
"124",1,133.271727800577,"12",6
"643",2,162.423067506286,"12",6
"1165",3,170.266946233567,"12",6
"1685",4,205.992412632357,"12",6
"2205",5,316.583073145,"12",6
"177",1,400.691262508246,"13",6
"695",2,702.136917796436,"13",6
"1214",3,709.696519557788,"13",6
"1735",4,519.097769202056,"13",6
"2257",5,367.384354217776,"13",6
"228",1,177.164178137569,"14",6
"746",2,394.908164990032,"14",6
"1268",3,433.680589654682,"14",6
"1789",4,344.918109557454,"14",6
"2309",5,311.129367309609,"14",6
"385",1,482.279013439693,"3",7
"904",2,699.63434818982,"3",7
"1424",3,619.890692228471,"3",7
"1944",4,338.957324399766,"3",7
"2465",5,134.687766869511,"3",7
"437",1,524.93553015748,"4",7
"956",2,773.884893773526,"4",7
"1474",3,563.475935234862,"4",7
"1995",4,269.620489258068,"4",7
"2517",5,126.913319529841,"4",7
"486",1,348.782012680105,"5",7
"1006",2,571.676114215193,"5",7
"1527",3,542.190547724313,"5",7
"2049",4,362.671554868057,"5",7
"2567",5,225.492664421955,"5",7
"18",1,436.209484318472,"10",7
"540",2,769.3199274684,"10",7
"1061",3,665.197340530054,"10",7
"1580",4,404.823369914567,"10",7
"2098",5,269.484686574259,"10",7
"70",1,481.625119404488,"11",7
"590",2,729.726632459697,"11",7
"1110",3,580.333636387871,"11",7
"1632",4,345.400032352213,"11",7
"2151",5,229.429709231812,"11",7
"123",1,122.923840556268,"12",7
"642",2,165.111422586174,"12",7
"1164",3,160.317229004030,"12",7
"1684",4,177.378449821752,"12",7
"2203",5,291.27442808587,"12",7
"174",1,392.96617829458,"13",7
"696",2,683.057217463279,"13",7
"1216",3,682.809787288419,"13",7
"1736",4,496.248664478404,"13",7
"2254",5,352.383668163324,"13",7
"226",1,170.215550373528,"14",7
"747",2,368.017084102904,"14",7
"1267",3,392.003908159946,"14",7
"1787",4,302.402204254296,"14",7
"2306",5,264.58090869919,"14",7
"384",1,509.40523402451,"3",8
"903",2,735.904378462903,"3",8
"1422",3,626.550679089586,"3",8
"1942",4,326.022261437278,"3",8
"2464",5,125.979055257336,"3",8
"436",1,520.403421198513,"4",8
"954",2,752.603302816758,"4",8
"1475",3,536.891944973965,"4",8
"1997",4,253.772332146478,"4",8
"2516",5,119.545507128958,"4",8
"488",1,365.775494526213,"5",8
"1007",2,586.707979899573,"5",8
"1526",3,538.226917225668,"5",8
"2046",4,350.284366779300,"5",8
"2568",5,216.210470825288,"5",8
"20",1,462.672433171748,"10",8
"538",2,797.20297323898,"10",8
"1058",3,668.016110891513,"10",8
"1581",4,395.406369096445,"10",8
"2100",5,259.42883904553,"10",8
"71",1,505.22041545997,"11",8
"593",2,749.45269908539,"11",8
"1113",3,570.91000091806,"11",8
"1631",4,327.112573890354,"11",8
"2150",5,215.353589656094,"11",8
"122",1,113.559733442984,"12",8
"645",2,168.18467329234,"12",8
"1163",3,151.167756914429,"12",8
"1683",4,152.404669409608,"12",8
"2202",5,265.527163525992,"12",8
"176",1,385.372527615088,"13",8
"697",2,663.118975439536,"13",8
"1215",3,653.718619317062,"13",8
"1734",4,471.040412645026,"13",8
"2256",5,335.444274464089,"13",8
"229",1,163.315000119415,"14",8
"748",2,341.900470126597,"14",8
"1266",3,352.636277383956,"14",8
"1786",4,263.406455905963,"14",8
"2308",5,223.154082540704,"14",8
"386",1,520.941179863261,"3",9
"907",2,792.95248174727,"3",9
"1427",3,605.422799821739,"3",9
"1947",4,293.529912251804,"3",9
"2467",5,115.993464715787,"3",9
"439",1,499.996453453932,"4",9
"959",2,747.904982342179,"4",9
"1478",3,487.139590693776,"4",9
"2000",4,222.505184584211,"4",9
"2520",5,110.069893271003,"4",9
"491",1,371.767481882432,"5",9
"1010",2,616.952508845507,"5",9
"1533",3,510.895967785983,"5",9
"2051",4,316.534386497824,"5",9
"2572",5,203.451718825859,"5",9
"22",1,475.444917645909,"10",9
"544",2,847.005733775786,"10",9
"1064",3,642.66660011738,"10",9
"1584",4,362.259166193488,"10",9
"2102",5,245.679455638203,"10",9
"75",1,512.85532687433,"11",9
"595",2,788.112211282824,"11",9
"1117",3,537.154612346502,"11",9
"1636",4,290.160987858242,"11",9
"2154",5,198.757869145668,"11",9
"127",1,102.070276236390,"12",9
"650",2,175.709220355259,"12",9
"1169",3,136.566528624707,"12",9
"1686",4,122.562674638816,"12",9
"2210",5,235.508577260218,"12",9
"179",1,366.771005872422,"13",9
"702",2,658.158860823297,"13",9
"1219",3,595.807419583406,"13",9
"1739",4,415.837087855266,"13",9
"2258",5,310.966368604752,"13",9
"234",1,151.926476876552,"14",9
"752",2,324.64850134474,"14",9
"1270",3,302.319591864426,"14",9
"1791",4,213.806257041849,"14",9
"2314",5,183.526963264336,"14",9
"388",1,547.480112841755,"3",10
"910",2,834.133898041055,"3",10
"1428",3,612.010529135597,"3",10
"1949",4,282.714931216858,"3",10
"2469",5,109.515706261627,"3",10
"441",1,494.670936881313,"4",10
"961",2,724.76453248384,"4",10
"1481",3,461.090182113086,"4",10
"2002",4,207.802777580677,"4",10
"2518",5,103.206191950472,"4",10
"493",1,388.736288382339,"5",10
"1014",2,633.72154572139,"5",10
"1532",3,507.591293327215,"5",10
"2050",4,305.829707338459,"5",10
"2574",5,195.657384681258,"5",10
"24",1,502.377204686405,"10",10
"546",2,879.508974284108,"10",10
"1062",3,648.185567578319,"10",10
"1585",4,355.666319349489,"10",10
"2104",5,238.305335927791,"10",10
"78",1,534.812140708335,"11",10
"596",2,809.013058508804,"11",10
"1114",3,529.169760435896,"11",10
"1635",4,275.573510364871,"11",10
"2155",5,187.888492345111,"11",10
"128",1,94.9372424008714,"12",10
"647",2,179.514549447856,"12",10
"1166",3,129.489276604980,"12",10
"1687",4,105.626188320770,"12",10
"2208",5,211.878467333676,"12",10
"181",1,359.985892657166,"13",10
"701",2,637.323452161014,"13",10
"1221",3,566.273278085134,"13",10
"1742",4,390.362637308432,"13",10
"2261",5,292.459491594229,"13",10
"233",1,145.672514990460,"14",10
"751",2,300.891834198036,"14",10
"1274",3,270.84207777359,"14",10
"1793",4,185.149735998555,"14",10
"2312",5,153.622704432427,"14",10
"390",1,573.214700529329,"3",11
"909",2,876.385852596499,"3",11
"1429",3,618.545076133995,"3",11
"1950",4,272.739890880959,"3",11
"2470",5,104.034609473547,"3",11
"442",1,489.034452757297,"4",11
"962",2,701.646087664963,"4",11
"1482",3,435.585912375846,"4",11
"1999",4,193.647833554802,"4",11
"2522",5,96.7042748451726,"4",11
"494",1,405.431134432162,"5",11
"1012",2,650.79205764052,"5",11
"1531",3,504.603460462365,"5",11
"2054",4,295.792183997398,"5",11
"2573",5,188.625049307260,"5",11
"25",1,529.101086090421,"10",11
"543",2,913.340010716806,"10",11
"1066",3,655.026691943024,"10",11
"1586",4,350.257624623403,"10",11
"2106",5,232.20364632944,"10",11
"77",1,555.483365334254,"11",11
"594",2,829.719561334732,"11",11
"1116",3,521.862133027888,"11",11
"1638",4,262.425597535674,"11",11
"2158",5,178.493184493358,"11",11
"126",1,88.7631821025538,"12",11
"646",2,183.578017058640,"12",11
"1168",3,123.283450744158,"12",11
"1690",4,91.5067558456165,"12",11
"2207",5,189.866560106208,"12",11
"178",1,353.639360794848,"13",11
"698",2,616.857385277005,"13",11
"1218",3,536.922023100722,"13",11
"1741",4,364.998299999902,"13",11
"2259",5,273.814353280812,"13",11
"231",1,139.776948888717,"14",11
"750",2,279.069793619756,"14",11
"1273",3,242.808035162166,"14",11
"1792",4,160.440682330704,"14",11
"2310",5,128.674145825996,"14",11
"389",1,597.41612337271,"3",12
"906",2,918.883521999262,"3",12
"1426",3,624.910805760013,"3",12
"1946",4,263.707868774235,"3",12
"2466",5,99.5296827192493,"3",12
"438",1,483.184953352218,"4",12
"958",2,678.94847123856,"4",12
"1479",3,411.068282910215,"4",12
"1998",4,180.267510289200,"4",12
"2519",5,90.6469209778471,"4",12
"492",1,421.439532799465,"5",12
"1011",2,667.866213864766,"5",12
"1530",3,501.981252740202,"5",12
"2053",4,286.543328619679,"5",12
"2571",5,182.411703303211,"5",12
"23",1,554.91781708148,"10",12
"542",2,947.962513496233,"10",12
"1063",3,663.136495385981,"10",12
"1583",4,346.087992140555,"10",12
"2103",5,227.402178047648,"10",12
"76",1,574.250884389583,"11",12
"597",2,849.819154318539,"11",12
"1118",3,515.335088351261,"11",12
"1637",4,250.794221012193,"11",12
"2156",5,170.566855280744,"11",12
"129",1,83.5239387290233,"12",12
"649",2,187.846435921535,"12",12
"1170",3,117.961777874179,"12",12
"1688",4,79.8870426446176,"12",12
"2206",5,169.767642930459,"12",12
"180",1,347.8204607953,"13",12
"699",2,597.08689747193,"13",12
"1222",3,508.309626333849,"13",12
"1738",4,340.28854585401,"13",12
"2260",5,255.462870680907,"13",12
"230",1,134.310727720290,"14",12
"754",2,259.339827218861,"14",12
"1272",3,218.223078069514,"14",12
"1790",4,139.454764532657,"14",12
"2311",5,108.166152787168,"14",12
"387",1,619.282121920955,"3",13
"908",2,960.650969043142,"3",13
"1430",3,630.987588092781,"3",13
"1948",4,255.707225195113,"3",13
"2468",5,95.9876906166684,"3",13
"440",1,477.21658089832,"4",13
"960",2,657.022003393487,"4",13
"1480",3,387.885009586733,"4",13
"2001",4,167.826000385966,"4",13
"2521",5,85.092770191065,"4",13
"490",1,436.302240310015,"5",13
"1013",2,684.615279224922,"5",13
"1534",3,499.773042145978,"5",13
"2052",4,278.188275516450,"5",13
"2570",5,177.067236755529,"5",13
"26",1,579.03157911127,"10",13
"545",2,982.753290542892,"10",13
"1065",3,672.464606085861,"10",13
"1582",4,343.219627862802,"10",13
"2105",5,223.939391952832,"10",13
"74",1,590.460027741883,"11",13
"598",2,868.864709808825,"11",13
"1115",3,509.688587592187,"11",13
"1634",4,240.737520971095,"11",13
"2157",5,164.106255879760,"11",13
"130",1,79.1942859735272,"12",13
"648",2,192.261290450959,"12",13
"1167",3,113.534406676937,"12",13
"1689",4,70.4554553674257,"12",13
"2209",5,151.729261734332,"12",13
"182",1,342.6130124793,"13",13
"700",2,578.296307649926,"13",13
"1220",3,480.888504572475,"13",13
"1740",4,316.660597268595,"13",13
"2262",5,237.751547880875,"13",13
"232",1,129.332144054799,"14",13
"753",2,241.784293840311,"14",13
"1271",3,196.980228208666,"14",13
"1794",4,121.876059141732,"14",13
"2313",5,91.5249532145668,"14",13
"391",1,620.350222578011,"3",14
"911",2,948.071623537048,"3",14
"1432",3,638.063707639549,"3",14
"1954",4,245.463898316136,"3",14
"2472",5,92.8604000705722,"3",14
"443",1,458.212147159611,"4",14
"964",2,602.795545131504,"4",14
"1486",3,367.113249028866,"4",14
"2005",4,154.326211744052,"4",14
"2523",5,79.611972380744,"4",14
"496",1,437.114206481682,"5",14
"1018",2,663.920038851934,"5",14
"1538",3,499.132113524108,"5",14
"2056",4,267.170710640342,"5",14
"2575",5,171.627552010368,"5",14
"28",1,583.989648534841,"10",14
"550",2,963.643658825438,"10",14
"1069",3,684.477600105288,"10",14
"1587",4,337.120518991701,"10",14
"2108",5,220.569659099264,"10",14
"82",1,586.78422030421,"11",14
"601",2,839.875843301438,"11",14
"1121",3,506.141487856457,"11",14
"1639",4,229.174111113227,"11",14
"2162",5,158.186057573181,"11",14
"134",1,73.6627470315741,"12",14
"653",2,186.435437468009,"12",14
"1171",3,110.257948185357,"12",14
"1691",4,62.0797165211614,"12",14
"2213",5,134.990781157074,"12",14
"184",1,328.764594582027,"13",14
"703",2,531.314137954507,"13",14
"1226",3,456.025197924824,"13",14
"1746",4,290.466132773646,"13",14
"2264",5,219.651888877908,"13",14
"236",1,121.442243286702,"14",14
"758",2,214.552574635505,"14",14
"1278",3,179.301954695453,"14",14
"1797",4,105.905041301906,"14",14
"2316",5,77.7264212611009,"14",14
"392",1,634.565590004945,"3",15
"914",2,982.946854556433,"3",15
"1434",3,643.197982672021,"3",15
"1952",4,239.834374475145,"3",15
"2471",5,91.267081456118,"3",15
"444",1,452.43579739754,"4",15
"966",2,584.30890181548,"4",15
"1485",3,347.277722315976,"4",15
"2003",4,144.190198249660,"4",15
"2524",5,75.1928763088095,"4",15
"498",1,447.866506437537,"5",15
"1017",2,678.128402489774,"5",15
"1537",3,497.89466881522,"5",15
"2057",4,260.958943149495,"5",15
"2578",5,168.183266508684,"5",15
"30",1,601.523622564128,"10",15
"548",2,994.818158868932,"10",15
"1068",3,696.122566377041,"10",15
"1588",4,337.086843334937,"10",15
"2110",5,219.969337565861,"10",15
"81",1,595.629074453299,"11",15
"600",2,854.544819077674,"11",15
"1120",3,502.543870176494,"11",15
"1642",4,222.504422431923,"11",15
"2161",5,154.714672193052,"11",15
"133",1,71.1719925527391,"12",15
"652",2,190.70698947684,"12",15
"1174",3,107.658352486449,"12",15
"1694",4,56.2909509712712,"12",15
"2214",5,121.178103017459,"12",15
"186",1,325.122119500978,"13",15
"704",2,516.037270051813,"13",15
"1223",3,431.920408087663,"13",15
"1744",4,270.141655664749,"13",15
"2266",5,204.036175904225,"13",15
"237",1,117.683907063626,"14",15
"755",2,202.089218210180,"14",15
"1277",3,164.155920195450,"14",15
"1798",4,94.2432531886897,"14",15
"2318",5,67.2302019431336,"14",15
"394",1,644.009217944286,"3",16
"913",2,1013.59065509220,"3",16
"1433",3,647.659963096536,"3",16
"1953",4,235.447258269610,"3",16
"2474",5,90.6839271372728,"3",16
"446",1,446.794050583228,"4",16
"965",2,567.309358875714,"4",16
"1483",3,329.37660282717,"4",16
"2004",4,135.191403131721,"4",16
"2526",5,71.3512358838344,"4",16
"495",1,456.005147413997,"5",16
"1015",2,690.93509454298,"5",16
"1536",3,497.219347818672,"5",16
"2058",4,255.885354128362,"5",16
"2576",5,165.751185595851,"5",16
"27",1,614.738790746304,"10",16
"549",2,1023.88262039259,"10",16
"1070",3,708.842236471162,"10",16
"1589",4,338.59675861508,"10",16
"2107",5,220.926968020232,"10",16
"79",1,600.100196171819,"11",16
"599",2,866.798712456106,"11",16
"1119",3,500.128499201471,"11",16
"1641",4,217.542263441861,"11",16
"2160",5,152.781269785467,"11",16
"132",1,69.5414742296907,"12",16
"651",2,194.915958030077,"12",16
"1173",3,106.019934769595,"12",16
"1693",4,51.9472938435753,"12",16
"2212",5,109.305449071149,"12",16
"183",1,322.304630103598,"13",16
"705",2,502.304973427068,"13",16
"1225",3,409.843911312108,"13",16
"1745",4,251.562999601117,"13",16
"2263",5,189.640935660248,"13",16
"235",1,114.523673183027,"14",16
"756",2,191.690512706267,"14",16
"1276",3,151.772576313637,"14",16
"1796",4,84.9310129136969,"14",16
"2315",5,59.0554152517535,"14",16
"393",1,647.925352394813,"3",17
"912",2,1038.65990780048,"3",17
"1431",3,651.317963363947,"3",17
"1951",4,232.383467361762,"3",17
"2473",5,91.1787889292307,"3",17
"445",1,441.362222441929,"4",17
"963",2,551.987485602629,"4",17
"1484",3,313.504813640206,"4",17
"2006",4,127.342434369046,"4",17
"2525",5,68.0953639335705,"4",17
"497",1,461.037482320379,"5",17
"1016",2,701.937032711568,"5",17
"1535",3,497.157487866099,"5",17
"2055",4,252.032710184463,"5",17
"2577",5,164.395739333364,"5",17
"29",1,622.760729804775,"10",17
"547",2,1049.93897883915,"10",17
"1067",3,722.585332021802,"10",17
"1590",4,341.775356625281,"10",17
"2109",5,223.576164690987,"10",17
"80",1,599.6798646839,"11",17
"602",2,876.145819830227,"11",17
"1122",3,499.002717667591,"11",17
"1640",4,214.364500958431,"11",17
"2159",5,152.471960680519,"11",17
"131",1,68.7978935983253,"12",17
"654",2,198.983089714764,"12",17
"1172",3,105.393402034569,"12",17
"1692",4,48.9098369200942,"12",17
"2211",5,99.2476682453133,"12",17
"185",1,320.390703708775,"13",17
"706",2,490.278447364516,"13",17
"1224",3,389.942082468736,"13",17
"1743",4,234.810460291079,"13",17
"2265",5,176.543845708485,"13",17
"238",1,111.99735699098,"14",17
"757",2,183.338925717384,"14",17
"1275",3,141.96749668852,"14",17
"1795",4,77.696861101025,"14",17
"2317",5,52.837036274018,"14",17
"395",1,593.125254721352,"3",18
"915",2,997.486939997418,"3",18
"1436",3,643.2565647526,"3",18
"1958",4,229.976741960783,"3",18
"2476",5,92.6512469600626,"3",18
"447",1,400.707503885589,"4",18
"968",2,508.285296067755,"4",18
"1490",3,294.786556003364,"4",18
"2009",4,120.245308975508,"4",18
"2527",5,65.2862006197548,"4",18
"500",1,424.869720506319,"5",18
"1022",2,670.828339198144,"5",18
"1542",3,489.555426902538,"5",18
"2060",4,248.669030131123,"5",18
"2579",5,163.831836742560,"5",18
"32",1,573.953432473862,"10",18
"554",2,1011.86806336401,"10",18
"1073",3,725.140745501501,"10",18
"1591",4,345.632815143409,"10",18
"2112",5,227.585314461411,"10",18
"86",1,545.619994323591,"11",18
"605",2,832.588965990611,"11",18
"1125",3,491.049941702654,"11",18
"1643",4,212.375976894676,"11",18
"2166",5,153.577947258912,"11",18
"138",1,63.3805039207527,"12",18
"657",2,191.438201817198,"12",18
"1175",3,104.109213338135,"12",18
"1695",4,46.94384425216,"12",18
"2217",5,90.6681313081471,"12",18
"188",1,293.461599269969,"13",18
"707",2,453.157919692382,"13",18
"1230",3,366.180501999894,"13",18
"1750",4,219.192980900422,"13",18
"2268",5,164.415727768645,"13",18
"240",1,101.178423305011,"14",18
"762",2,167.09528351987,"14",18
"1282",3,132.378267077104,"14",18
"1801",4,72.0887111195805,"14",18
"2320",5,48.185484277744,"14",18
"396",1,585.154183909589,"3",19
"918",2,1007.11618065471,"3",19
"1438",3,644.91739796082,"3",19
"1956",4,229.81731238927,"3",19
"2475",5,95.6264564295692,"3",19
"448",1,396.290130336306,"4",19
"970",2,497.416673315362,"4",19
"1489",3,283.303541757236,"4",19
"2007",4,114.684796545563,"4",19
"2528",5,63.2140452956894,"4",19
"502",1,422.72236487015,"5",19
"1021",2,676.723607207165,"5",19
"1541",3,490.840850836233,"5",19
"2061",4,247.504460274491,"5",19
"2582",5,164.854369920252,"5",19
"34",1,569.947431455111,"10",19
"552",2,1028.25307374155,"10",19
"1072",3,740.487438620143,"10",19
"1592",4,352.561180941248,"10",19
"2114",5,234.127044560033,"10",19
"85",1,535.421849023111,"11",19
"604",2,834.694226374837,"11",19
"1124",3,492.78733851868,"11",19
"1646",4,213.06789758869,"11",19
"2165",5,156.917161530005,"11",19
"137",1,64.4850723846183,"12",19
"656",2,194.775148185756,"12",19
"1178",3,105.705304027189,"12",19
"1698",4,46.3159867520627,"12",19
"2218",5,83.833082317207,"12",19
"190",1,293.570652135936,"13",19
"708",2,445.400507208693,"13",19
"1227",3,351.120005967115,"13",19
"1748",4,206.177130847380,"13",19
"2270",5,154.005841509858,"13",19
"241",1,100.114891925505,"14",19
"759",2,163.049308687538,"14",19
"1281",3,127.384167614663,"14",19
"1802",4,68.4084912267987,"14",19
"2322",5,45.0923602480416,"14",19
"398",1,571.91259646743,"3",20
"917",2,1009.35294869350,"3",20
"1437",3,645.593258473475,"3",20
"1957",4,231.055954237044,"3",20
"2478",5,99.9175656832104,"3",20
"450",1,392.208277088453,"4",20
"969",2,488.316098968507,"4",20
"1487",3,273.722846523312,"4",20
"2008",4,110.129996518565,"4",20
"2530",5,61.6719412151396,"4",20
"499",1,417.336400338261,"5",20
"1019",2,680.232796215852,"5",20
"1540",3,492.770226619575,"5",20
"2062",4,247.626944597108,"5",20
"2580",5,167.040584406863,"5",20
"31",1,560.53753185384,"10",20
"553",2,1040.02818739535,"10",20
"1074",3,756.556620905897,"10",20
"1593",4,361.366863381723,"10",20
"2111",5,242.689382956495,"10",20
"83",1,520.925453152996,"11",20
"603",2,833.427719666143,"11",20
"1123",3,495.902992488577,"11",20
"1645",4,215.635221979727,"11",20
"2164",5,162.128505389061,"11",20
"136",1,66.4953183581947,"12",20
"655",2,197.791416461467,"12",20
"1177",3,108.414198330388,"12",20
"1697",4,46.7623985428433,"12",20
"2216",5,78.2983215944966,"12",20
"187",1,294.586963034687,"13",20
"709",2,439.385376967291,"13",20
"1229",3,338.180286289748,"13",20
"1749",4,194.849143945714,"13",20
"2267",5,144.835904655950,"13",20
"239",1,99.6483938634396,"14",20
"760",2,160.726545154440,"14",20
"1280",3,124.360118181441,"14",20
"1800",4,66.1412970058623,"14",20
"2319",5,43.1780161991772,"14",20
"397",1,554.319188280138,"3",21
"916",2,1004.71180858829,"3",21
"1435",3,645.351827102468,"3",21
"1955",4,233.588498809775,"3",21
"2477",5,105.536493308545,"3",21
"449",1,388.475599315545,"4",21
"967",2,480.874788774435,"4",21
"1488",3,265.870706936037,"4",21
"2010",4,106.471144935808,"4",21
"2529",5,60.6044611923805,"4",21
"501",1,409.147121880157,"5",21
"1020",2,681.471972148692,"5",21
"1539",3,495.277924118448,"5",21
"2059",4,248.934420524288,"5",21
"2581",5,170.317115427239,"5",21
"33",1,546.513478199782,"10",21
"551",2,1047.28367920276,"10",21
"1071",3,773.160483635691,"10",21
"1594",4,371.936392490921,"10",21
"2113",5,253.223223655964,"10",21
"84",1,502.990518825927,"11",21
"606",2,829.085196847121,"11",21
"1126",3,500.277125849836,"11",21
"1644",4,219.963488331865,"11",21
"2163",5,169.180333247218,"11",21
"135",1,69.396467682848,"12",21
"658",2,200.465934090706,"12",21
"1176",3,112.197913359871,"12",21
"1696",4,48.2207482960366,"12",21
"2215",5,73.8677225559384,"12",21
"189",1,296.435738716149,"13",21
"710",2,434.98540993625,"13",21
"1228",3,327.193669880063,"13",21
"1747",4,185.061780689471,"13",21
"2269",5,136.812039642716,"13",21
"242",1,99.729227684085,"14",21
"761",2,159.952256679639,"14",21
"1279",3,123.06498272018,"14",21
"1799",4,65.0843663145206,"14",21
"2321",5,42.2490806501912,"14",21
"399",1,486.612239040052,"3",22
"920",2,932.265206409357,"3",22
"1440",3,622.037524297475,"3",22
"1960",4,233.504456954148,"3",22
"2480",5,111.182531913687,"3",22
"452",1,351.371483039335,"4",22
"972",2,445.570364415424,"4",22
"1491",3,250.65028390585,"4",22
"2013",4,101.951703406699,"4",22
"2533",5,59.2572660731579,"4",22
"504",1,363.70731598796,"5",22
"1023",2,638.412247941382,"5",22
"1546",3,481.107624678687,"5",22
"2064",4,247.290891601273,"5",22
"2585",5,172.552291055562,"5",22
"35",1,482.418974325986,"10",22
"557",2,985.107372780439,"10",22
"1077",3,762.835043632789,"10",22
"1597",4,377.966259052786,"10",22
"2115",5,262.535219332365,"10",22
"88",1,440.216499612222,"11",22
"608",2,771.060925473678,"11",22
"1130",3,488.345165415319,"11",22
"1649",4,222.329031448236,"11",22
"2167",5,175.959270511612,"11",22
"140",1,66.7837236794064,"12",22
"663",2,190.214649622222,"12",22
"1182",3,112.998396476691,"12",22
"1699",4,49.8706963425353,"12",22
"2223",5,69.5548152042577,"12",22
"192",1,272.851839605387,"13",22
"715",2,405.32102343295,"13",22
"1232",3,307.050009592046,"13",22
"1752",4,173.842736286041,"13",22
"2271",5,128.310228053665,"13",22
"247",1,91.5295521242268,"14",22
"765",2,150.649673561529,"14",22
"1283",3,119.082660665683,"14",22
"1804",4,64.0602396732642,"14",22
"2327",5,41.687379270411,"14",22
"401",1,465.223286869029,"3",23
"923",2,916.936761766254,"3",23
"1441",3,620.243721929008,"3",23
"1962",4,238.298883839612,"3",23
"2482",5,119.473497040083,"3",23
"454",1,348.640480402463,"4",23
"974",2,441.463538462858,"4",23
"1494",3,246.028545236050,"4",23
"2015",4,99.8773889643446,"4",23
"2531",5,59.0238788182552,"4",23
"506",1,352.420738464298,"5",23
"1027",2,635.731395575638,"5",23
"1545",3,484.457544286729,"5",23
"2063",4,250.666021055253,"5",23
"2587",5,177.775815369550,"5",23
"37",1,463.571494357112,"10",23
"559",2,983.935335904682,"10",23
"1075",3,779.28469782517,"10",23
"1598",4,391.492116980543,"10",23
"2117",5,276.714932847678,"10",23
"91",1,419.907052778296,"11",23
"609",2,762.152782029058,"11",23
"1127",3,494.668800219425,"11",23
"1648",4,229.829631654560,"11",23
"2168",5,186.581425181260,"11",23
"141",1,71.0892433621053,"12",23
"660",2,192.028833444177,"12",23
"1179",3,118.678422184405,"12",23
"1700",4,53.3332903297591,"12",23
"2221",5,66.9463499039533,"12",23
"194",1,275.871035209129,"13",23
"714",2,403.941003406888,"13",23
"1234",3,299.839005394958,"13",23
"1755",4,166.895036249588,"13",23
"2274",5,122.410573255709,"13",23
"246",1,92.4982716684225,"14",23
"764",2,152.510553085949,"14",23
"1287",3,120.764600477253,"14",23
"1806",4,65.0787339129896,"14",23
"2325",5,42.4242864088997,"14",23
"403",1,442.402046175632,"3",24
"922",2,897.234126797239,"3",24
"1442",3,617.779854110714,"3",24
"1963",4,244.141448411533,"3",24
"2483",5,129.206320799262,"3",24
"455",1,346.266061872604,"4",24
"975",2,438.703093243034,"4",24
"1495",3,242.750566845995,"4",24
"2012",4,98.4826548813098,"4",24
"2535",5,59.161625922962,"4",24
"507",1,339.879419226066,"5",24
"1025",2,631.369988329476,"5",24
"1544",3,488.177128092418,"5",24
"2067",4,254.982823523424,"5",24
"2586",5,183.918548136607,"5",24
"38",1,442.872732884658,"10",24
"556",2,979.127337036931,"10",24
"1079",3,795.599476873573,"10",24
"1599",4,406.383566691823,"10",24
"2119",5,292.695689522656,"10",24
"90",1,398.69236815579,"11",24
"607",2,751.323232932942,"11",24
"1129",3,501.879119139038,"11",24
"1651",4,238.872191672839,"11",24
"2171",5,199.062225014275,"11",24
"139",1,76.262265288137,"12",24
"659",2,193.472401363972,"12",24
"1181",3,125.361124373833,"12",24
"1703",4,57.9156311341804,"12",24
"2220",5,65.0816885043301,"12",24
"191",1,279.467525849869,"13",24
"711",2,403.824132214753,"13",24
"1231",3,294.188476057719,"13",24
"1754",4,161.153114571297,"13",24
"2272",5,117.429475536478,"13",24
"244",1,93.8740368932292,"14",24
"763",2,155.570204230898,"14",24
"1286",3,123.817155435777,"14",24
"1805",4,67.0648434236529,"14",24
"2323",5,43.942525347051,"14",24
"402",1,418.876047268489,"3",25
"919",2,873.941804265658,"3",25
"1439",3,614.7213747992,"3",25
"1959",4,250.967780144882,"3",25
"2479",5,140.421354239674,"3",25
"451",1,344.261641789952,"4",25
"971",2,437.246375346595,"4",25
"1492",3,240.756570788362,"4",25
"2011",4,97.731966879301,"4",25
"2532",5,59.6540272559295,"4",25
"505",1,326.492243022097,"5",25
"1024",2,625.50374186419,"5",25
"1543",3,492.201776747317,"5",25
"2066",4,260.179538585498,"5",25
"2584",5,190.930216136389,"5",25
"36",1,421.042145799926,"10",25
"555",2,970.97174268573,"10",25
"1076",3,811.52476140455,"10",25
"1596",4,422.478472722209,"10",25
"2116",5,310.384824094975,"10",25
"89",1,377.18258454836,"11",25
"610",2,738.907285923964,"11",25
"1131",3,509.863746733885,"11",25
"1650",4,249.410691040248,"11",25
"2169",5,213.416359804491,"11",25
"142",1,82.3330307758093,"12",25
"662",2,194.532416294073,"12",25
"1183",3,133.037198574639,"12",25
"1701",4,63.7375550085981,"12",25
"2219",5,63.9016271763693,"12",25
"193",1,283.582382929794,"13",25
"712",2,404.913779331336,"13",25
"1235",3,290.036889992074,"13",25
"1751",4,156.551942812812,"13",25
"2273",5,113.318202550058,"13",25
"243",1,95.6349541547368,"14",25
"767",2,159.796774592611,"14",25
"1285",3,128.230942879788,"14",25
"1803",4,70.0289078438883,"14",25
"2324",5,46.2634349629012,"14",25
"400",1,395.277503676583,"3",26
"921",2,847.839050555806,"3",26
"1443",3,611.144251584487,"3",26
"1961",4,258.711440851935,"3",26
"2481",5,153.136886266420,"3",26
"453",1,342.641300535258,"4",26
"973",2,437.062710585649,"4",26
"1493",3,240.007532957114,"4",26
"2014",4,97.6028063733819,"4",26
"2534",5,60.4905928479158,"4",26
"503",1,312.633890985385,"5",26
"1026",2,618.314556617134,"5",26
"1547",3,496.465178968319,"5",26
"2065",4,266.195524771855,"5",26
"2583",5,198.753810652673,"5",26
"39",1,398.722862548319,"10",26
"558",2,959.785023423695,"10",26
"1078",3,826.787928746105,"10",26
"1595",4,439.582673645862,"10",26
"2118",5,329.645208644122,"10",26
"87",1,355.897841703203,"11",26
"611",2,725.234316417352,"11",26
"1128",3,518.505007175356,"11",26
"1647",4,261.393392401859,"11",26
"2170",5,229.635579895839,"11",26
"143",1,89.3270802850831,"12",26
"661",2,195.198108522527,"12",26
"1180",3,141.686955027895,"12",26
"1702",4,70.9504112966622,"12",26
"2222",5,63.3687598704377,"12",26
"195",1,288.155173800343,"13",26
"713",2,407.163878890751,"13",26
"1233",3,287.344188688465,"13",26
"1753",4,153.044863125357,"13",26
"2275",5,110.039961887195,"13",26
"245",1,97.761258721348,"14",26
"766",2,165.175220230950,"14",26
"1284",3,134.028289378369,"14",26
"1807",4,74.0129551795958,"14",26
"2326",5,49.4418849450172,"14",26
"404",1,369.692364175797,"3",27
"924",2,807.910657352308,"3",27
"1445",3,588.608519578264,"3",27
"1967",4,269.316575382973,"3",27
"2485",5,159.264007959692,"3",27
"456",1,339.17755909938,"4",27
"977",2,431.843775931508,"4",27
"1499",3,233.149788833717,"4",27
"2018",4,98.8246983774372,"4",27
"2536",5,58.6920504243155,"4",27
"509",1,296.676547439829,"5",27
"1031",2,601.231180586639,"5",27
"1551",3,485.622741254175,"5",27
"2069",4,275.027868139081,"5",27
"2588",5,197.322760074092,"5",27
"41",1,373.997210762205,"10",27
"563",2,932.325326759175,"10",27
"1082",3,815.448574919852,"10",27
"1600",4,460.914730500682,"10",27
"2121",5,333.388625607878,"10",27
"95",1,333.064488438064,"11",27
"614",2,700.422246456817,"11",27
"1134",3,511.585145007824,"11",27
"1652",4,276.827151443622,"11",27
"2175",5,235.728095726316,"11",27
"147",1,96.6186665469847,"12",27
"666",2,192.655399097247,"12",27
"1184",3,146.659293345364,"12",27
"1704",4,80.3334406457709,"12",27
"2226",5,60.4048130328406,"12",27
"197",1,291.197527138804,"13",27
"716",2,404.644625023331,"13",27
"1239",3,277.366271757806,"13",27
"1759",4,151.739956257799,"13",27
"2277",5,102.382819582320,"13",27
"249",1,99.575789698045,"14",27
"771",2,169.238170473487,"14",27
"1291",3,136.949812255255,"14",27
"1810",4,79.6841100396932,"14",27
"2329",5,50.9814519177434,"14",27
"405",1,347.583984175143,"3",28
"927",2,778.814636528843,"3",28
"1447",3,584.354720561939,"3",28
"1965",4,278.737873001589,"3",28
"2484",5,174.116106533794,"3",28
"457",1,338.376537250029,"4",28
"979",2,434.125487754709,"4",28
"1498",3,234.799119303184,"4",28
"2016",4,99.9268193914122,"4",28
"2537",5,60.1322486100558,"4",28
"511",1,282.923210231239,"5",28
"1030",2,592.081988817066,"5",28
"1550",3,490.017777990882,"5",28
"2070",4,282.547218971577,"5",28
"2591",5,206.104492681543,"5",28
"43",1,352.41582764806,"10",28
"561",2,916.326577566581,"10",28
"1081",3,828.108828933437,"10",28
"1601",4,479.433362043934,"10",28
"2123",5,354.084149941993,"10",28
"94",1,313.556094153834,"11",28
"613",2,685.392910819561,"11",28
"1133",3,520.864346097579,"11",28
"1655",4,291.587477696847,"11",28
"2174",5,254.525140565185,"11",28
"146",1,105.418656426321,"12",28
"665",2,192.511638345739,"12",28
"1187",3,156.798494427800,"12",28
"1707",4,90.959668638724,"12",28
"2227",5,61.0973220934609,"12",28
"199",1,296.458075182141,"13",28
"717",2,409.048289765666,"13",28
"1236",3,277.549622020920,"13",28
"1757",4,150.345181390616,"13",28
"2279",5,100.791923171920,"13",28
"250",1,102.357788739528,"14",28
"768",2,176.809873750164,"14",28
"1290",3,145.415496108983,"14",28
"1811",4,85.992788124163,"14",28
"2331",5,55.9169608738991,"14",28
"407",1,326.688289257695,"3",29
"926",2,749.015088711047,"3",29
"1446",3,579.816168630006,"3",29
"1966",4,288.830398875035,"3",29
"2487",5,190.168090950749,"3",29
"459",1,338.004952689925,"4",29
"978",2,437.635930865524,"4",29
"1496",3,237.653265444208,"4",29
"2017",4,101.657811835339,"4",29
"2539",5,61.8966708802283,"4",29
"508",1,269.563398226004,"5",29
"1028",2,582.169459893166,"5",29
"1549",3,494.43817412561,"5",29
"2071",4,290.687728270813,"5",29
"2589",5,215.414804664288,"5",29
"40",1,331.730177148205,"10",29
"562",2,898.356150090454,"10",29
"1083",3,839.250622762779,"10",29
"1602",4,498.126977137253,"10",29
"2120",5,375.499598309253,"10",29
"92",1,295.294489328521,"11",29
"612",2,670.016191667931,"11",29
"1132",3,530.390092779175,"11",29
"1654",4,307.524437103255,"11",29
"2173",5,274.780098149218,"11",29
"145",1,115.10035944802,"12",29
"664",2,191.961578577221,"12",29
"1186",3,167.688449618777,"12",29
"1706",4,103.570111523006,"12",29
"2225",5,62.4093933062132,"12",29
"196",1,301.972947112734,"13",29
"718",2,414.508180237647,"13",29
"1238",3,279.153995682111,"13",29
"1758",4,150.026437882421,"13",29
"2276",5,99.9641026687927,"13",29
"248",1,105.445017958993,"14",29
"769",2,185.528534831537,"14",29
"1289",3,155.422510851850,"14",29
"1809",4,93.6190634608523,"14",29
"2328",5,62.007589975549,"14",29
"406",1,307.253871114787,"3",30
"925",2,719.078929334253,"3",30
"1444",3,575.063065612236,"3",30
"1964",4,299.480195057845,"3",30
"2486",5,207.192382519867,"3",30
"458",1,338.081457222085,"4",30
"976",2,442.386714878102,"4",30
"1497",3,241.747882956181,"4",30
"2019",4,104.041361604996,"4",30
"2538",5,63.9911500204789,"4",30
"510",1,256.797535363285,"5",30
"1029",2,571.665627623854,"5",30
"1548",3,498.810183536524,"5",30
"2068",4,299.365898977406,"5",30
"2590",5,225.131792876315,"5",30
"42",1,312.227837362592,"10",30
"560",2,878.754241759145,"10",30
"1080",3,848.56569082745,"10",30
"1603",4,516.616442546888,"10",30
"2122",5,397.211180369905,"10",30
"93",1,278.470808540469,"11",30
"615",2,654.551642222695,"11",30
"1135",3,540.012311524238,"11",30
"1653",4,324.474926698675,"11",30
"2172",5,296.230194721341,"11",30
"144",1,125.581218390844,"12",30
"667",2,191.004428415527,"12",30
"1185",3,179.192916230975,"12",30
"1705",4,118.361595692060,"12",30
"2224",5,64.3789500822696,"12",30
"198",1,307.665334831661,"13",30
"719",2,421.007458098368,"13",30
"1237",3,282.224566292827,"13",30
"1756",4,150.817198916496,"13",30
"2278",5,99.9185073208035,"13",30
"251",1,108.815047744744,"14",30
"770",2,195.402970254850,"14",30
"1288",3,167.067479779433,"14",30
"1808",4,102.706953568368,"14",30
"2330",5,69.4285288063388,"14",30
"408",1,308.264312581764,"3",31
"928",2,703.282488580485,"3",31
"1449",3,616.855602641531,"3",31
"1971",4,328.076398270383,"3",31
"2489",5,235.441811433876,"3",31
"460",1,360.626410324224,"4",31
"981",2,457.360673424398,"4",31
"1503",3,267.376165467959,"4",31
"2022",4,113.157003994727,"4",31
"2540",5,69.5508744893038,"4",31
"513",1,260.690743664615,"5",31
"1035",2,571.941460852818,"5",31
"1555",3,544.253803101121,"5",31
"2073",4,325.89349063198,"5",31
"2592",5,246.174391685122,"5",31
"45",1,313.232276192169,"10",31
"567",2,874.995833646338,"10",31
"1086",3,925.824742016538,"10",31
"1604",4,564.630140688259,"10",31
"2125",5,438.409896480402,"10",31
"99",1,280.321205027627,"11",31
"618",2,652.012990556611,"11",31
"1138",3,594.575051924583,"11",31
"1656",4,361.536947721307,"11",31
"2179",5,333.497998206751,"11",31
"151",1,145.607654645993,"12",31
"670",2,193.432085418580,"12",31
"1188",3,206.778927558954,"12",31
"1708",4,143.144547048049,"12",31
"2230",5,70.2213439719649,"12",31
"201",1,333.816765617993,"13",31
"720",2,437.098122313102,"13",31
"1243",3,310.319408485633,"13",31
"1763",4,161.396424721734,"13",31
"2281",5,105.431733159277,"13",31
"253",1,119.747348957340,"14",31
"775",2,210.562950652303,"14",31
"1295",3,195.231251218958,"14",31
"1814",4,119.819953613166,"14",31
"2333",5,82.0769028259135,"14",31
"409",1,291.187938482345,"3",32
"931",2,673.916969600191,"3",32
"1451",3,611.46886970736,"3",32
"1969",4,340.055325704517,"3",32
"2488",5,254.141002920604,"3",32
"461",1,361.729620108623,"4",32
"983",2,464.812513781938,"4",32
"1502",3,274.689325974315,"4",32
"2020",4,117.179924952703,"4",32
"2541",5,72.464291907798,"4",32
"515",1,248.841323332486,"5",32
"1034",2,560.516058927524,"5",32
"1554",3,548.628771291696,"5",32
"2074",4,335.882350117034,"5",32
"2595",5,256.706395970995,"5",32
"47",1,295.604383544408,"10",32
"565",2,852.671262962046,"10",32
"1085",3,930.957837623754,"10",32
"1605",4,582.319769298083,"10",32
"2127",5,460.039874678096,"10",32
"98",1,265.85322135027,"11",32
"617",2,636.76835415415,"11",32
"1137",3,604.658500764586,"11",32
"1659",4,380.851967043830,"11",32
"2178",5,357.173177332316,"11",32
"150",1,157.967581114929,"12",32
"669",2,191.633791590221,"12",32
"1191",3,219.896956012658,"12",32
"1711",4,163.834712842588,"12",32
"2231",5,73.8690174038221,"12",32
"203",1,339.985268640703,"13",32
"721",2,445.813548740978,"13",32
"1240",3,317.066268102833,"13",32
"1761",4,164.791477326433,"13",32
"2283",5,107.159766398306,"13",32
"254",1,123.852080445687,"14",32
"772",2,222.995246251482,"14",32
"1294",3,211.708957789777,"14",32
"1815",4,133.044000138889,"14",32
"2335",5,93.317556362118,"14",32
"411",1,276.070411138102,"3",33
"930",2,645.719702259785,"3",33
"1450",3,606.065393356867,"3",33
"1970",4,352.123710246562,"3",33
"2491",5,272.447898030308,"3",33
"463",1,363.381995632865,"4",33
"982",2,473.625715863429,"4",33
"1500",3,283.589081003196,"4",33
"2021",4,122.046384734264,"4",33
"2543",5,75.756790494958,"4",33
"512",1,238.039359477043,"5",33
"1032",2,548.96324133238,"5",33
"1553",3,552.695992279859,"5",33
"2075",4,346.094404912166,"5",33
"2593",5,267.109814272861,"5",33
"44",1,279.740851137463,"10",33
"566",2,829.647087936101,"10",33
"1087",3,933.145007520832,"10",33
"1606",4,598.290317544442,"10",33
"2124",5,480.070197883675,"10",33
"96",1,253.224258417175,"11",33
"616",2,622.100242718015,"11",33
"1136",3,614.287079296901,"11",33
"1658",4,400.378710246333,"11",33
"2177",5,380.554215927918,"11",33
"149",1,170.529166484589,"12",33
"668",2,189.434172149247,"12",33
"1190",3,232.900800287432,"12",33
"1710",4,187.111721601038,"12",33
"2229",5,78.4672837577114,"12",33
"200",1,346.057052758246,"13",33
"722",2,455.561552614999,"13",33
"1242",3,325.711822101989,"13",33
"1762",4,169.640115935035,"13",33
"2280",5,109.892281948795,"13",33
"252",1,128.161472883516,"14",33
"773",2,236.584456263179,"14",33
"1293",3,230.285321933664,"14",33
"1813",4,148.374319159073,"14",33
"2332",5,106.699706589409,"14",33
"410",1,262.965118432826,"3",34
"929",2,618.994202222435,"3",34
"1448",3,600.712339924658,"3",34
"1968",4,364.062814964266,"3",34
"2490",5,289.647511733872,"3",34
"462",1,365.612725950221,"4",34
"980",2,483.85313387683,"4",34
"1501",3,294.206010593383,"4",34
"2023",4,127.838304502111,"4",34
"2542",5,79.4431087986536,"4",34
"514",1,228.367880887672,"5",34
"1033",2,537.421545896065,"5",34
"1552",3,556.365900359129,"5",34
"2072",4,356.382618469811,"5",34
"2594",5,277.139049490092,"5",34
"46",1,265.715019488803,"10",34
"564",2,806.206789434097,"10",34
"1084",3,932.099498368116,"10",34
"1607",4,611.966406109101,"10",34
"2126",5,497.702559340188,"10",34
"97",1,242.480685010279,"11",34
"619",2,608.190820367952,"11",34
"1139",3,623.252103549033,"11",34
"1657",4,419.698267781007,"11",34
"2176",5,402.865932491203,"11",34
"148",1,182.920489082509,"12",34
"671",2,186.843284851016,"12",34
"1189",3,245.408179804915,"12",34
"1709",4,212.822597975036,"12",34
"2228",5,84.1660639953141,"12",34
"202",1,351.922946138468,"13",34
"723",2,466.337977751182,"13",34
"1241",3,336.427061752147,"13",34
"1760",4,176.112999128298,"13",34
"2282",5,113.747399944358,"13",34
"255",1,132.631947377212,"14",34
"774",2,251.289303807860,"14",34
"1292",3,251.044778846462,"14",34
"1812",4,166.012510580803,"14",34
"2334",5,122.530003624149,"14",34
"412",1,261.289952909786,"3",35
"933",2,650.29429797661,"3",35
"1453",3,617.177754083556,"3",35
"1973",4,385.727131944395,"3",35
"2493",5,349.971361580779,"3",35
"465",1,382.175260018127,"4",35
"985",2,542.534169533161,"4",35
"1504",3,317.878131532516,"4",35
"2026",4,138.276727295415,"4",35
"2546",5,95.8799587528343,"4",35
"517",1,228.081928167143,"5",35
"1036",2,575.881923902393,"5",35
"1559",3,579.941307632116,"5",35
"2077",4,376.439174163079,"5",35
"2598",5,328.847395396724,"5",35
"48",1,263.017753396937,"10",35
"570",2,856.79722162161,"10",35
"1090",3,961.374542950599,"10",35
"1610",4,639.504698075921,"10",35
"2128",5,587.748157204991,"10",35
"101",1,242.363679926592,"11",35
"621",2,651.626804418291,"11",35
"1143",3,654.346482227388,"11",35
"1662",4,450.109471993619,"11",35
"2180",5,485.739888047797,"11",35
"153",1,201.940809701811,"12",35
"676",2,201.303797578320,"12",35
"1195",3,266.347066770895,"12",35
"1712",4,247.079696781526,"12",35
"2236",5,104.624937001710,"12",35
"205",1,370.779224994075,"13",35
"728",2,523.464154609387,"13",35
"1245",3,362.160313667577,"13",35
"1765",4,189.392398790386,"13",35
"2284",5,136.444850954729,"13",35
"260",1,142.322639967031,"14",35
"778",2,292.355528201027,"14",35
"1296",3,284.028488447281,"14",35
"1817",4,191.155166921442,"14",35
"2340",5,161.980079191527,"14",35
"414",1,251.933305430474,"3",36
"936",2,624.990530691246,"3",36
"1454",3,611.929295495732,"3",36
"1975",4,396.970462618810,"3",36
"2495",5,364.416811572261,"3",36
"467",1,385.774438793974,"4",36
"987",2,557.008914044214,"4",36
"1507",3,332.925476248303,"4",36
"2028",4,146.432303498154,"4",36
"2544",5,101.062240733961,"4",36
"519",1,220.562853733070,"5",36
"1040",2,563.678841060012,"5",36
"1558",3,582.655958740314,"5",36
"2076",4,386.652499871788,"5",36
"2600",5,338.573075511597,"5",36
"50",1,252.375596556187,"10",36
"572",2,831.073501212438,"10",36
"1088",3,952.957907123547,"10",36
"1611",4,647.142810183871,"10",36
"2130",5,599.73956077829,"10",36
"104",1,235.210236838984,"11",36
"622",2,638.56171498056,"11",36
"1140",3,661.6173455467,"11",36
"1661",4,468.021286706066,"11",36
"2181",5,505.868098084076,"11",36
"154",1,213.024410909305,"12",36
"673",2,197.668232759825,"12",36
"1192",3,276.93282954037,"12",36
"1713",4,277.186558940294,"12",36
"2234",5,114.385571986049,"12",36
"207",1,376.087031146786,"13",36
"727",2,537.480830941163,"13",36
"1247",3,378.206546471541,"13",36
"1768",4,200.076887602211,"13",36
"2287",5,144.003222995043,"13",36
"259",1,147.131678583395,"14",36
"777",2,310.639039224012,"14",36
"1300",3,310.183830042,"14",36
"1819",4,214.563489283937,"14",36
"2338",5,186.871864801654,"14",36
"416",1,244.497475627960,"3",37
"935",2,601.798538848188,"3",37
"1455",3,606.903879258509,"3",37
"1976",4,407.441121466251,"3",37
"2496",5,375.39385948781,"3",37
"468",1,389.970155921528,"4",37
"988",2,573.02491426793,"4",37
"1508",3,350.055348166304,"4",37
"2025",4,155.76148659598,"4",37
"2548",5,106.704686591955,"4",37
"520",1,214.233119698323,"5",37
"1038",2,551.87163772906,"5",37
"1557",3,584.784395267151,"5",37
"2080",4,396.48949575761,"5",37
"2599",5,347.119143781367,"5",37
"51",1,243.521380916703,"10",37
"569",2,805.784832814935,"10",37
"1092",3,941.210301692135,"10",37
"1612",4,651.330353107593,"10",37
"2132",5,607.060139955241,"10",37
"103",1,229.872499000377,"11",37
"620",2,626.676274589261,"11",37
"1142",3,667.73241660073,"11",37
"1664",4,484.431452336152,"11",37
"2184",5,522.306452419596,"11",37
"152",1,222.705403361238,"12",37
"672",2,193.731244473899,"12",37
"1194",3,285.897670244346,"12",37
"1716",4,308.328172201382,"12",37
"2233",5,126.053574749795,"12",37
"204",1,380.903916773357,"13",37
"724",2,552.468052437486,"13",37
"1244",3,396.821969332049,"13",37
"1767",4,212.990428480253,"13",37
"2285",5,153.301731506682,"13",37
"257",1,151.946649334587,"14",37
"776",2,329.814436232882,"14",37
"1299",3,338.580134298117,"14",37
"1818",4,240.783562885286,"14",37
"2336",5,215.597454075949,"14",37
"415",1,238.787894257111,"3",38
"932",2,580.717136161273,"3",38
"1452",3,602.138991815568,"3",38
"1972",4,417.027735884118,"3",38
"2492",5,382.757706504556,"3",38
"464",1,394.687409571602,"4",38
"984",2,590.407630984572,"4",38
"1505",3,369.187797195764,"4",38
"2024",4,166.249660419239,"4",38
"2545",5,112.767954888925,"4",38
"518",1,208.999459608454,"5",38
"1037",2,540.565307325767,"5",38
"1556",3,586.343516266224,"5",38
"2079",4,405.845214279727,"5",38
"2597",5,354.40145610407,"5",38
"49",1,236.285719261051,"10",38
"568",2,781.23852977895,"10",38
"1089",3,926.652888243826,"10",38
"1609",4,652.232627873322,"10",38
"2129",5,609.841041945205,"10",38
"102",1,226.168165283855,"11",38
"623",2,615.973582215244,"11",38
"1144",3,672.686921484323,"11",38
"1663",4,499.120992392365,"11",38
"2182",5,534.820336127426,"11",38
"155",1,230.791212027626,"12",38
"675",2,189.585319795787,"12",38
"1196",3,293.119603708380,"12",38
"1714",4,339.88265436851,"12",38
"2232",5,139.776693455967,"12",38
"206",1,385.199066445454,"13",38
"725",2,568.259720284673,"13",38
"1248",3,417.928836416853,"13",38
"1764",4,228.181094890073,"13",38
"2286",5,164.389836971445,"13",38
"256",1,156.713242168001,"14",38
"780",2,349.690172858846,"14",38
"1298",3,369.040849645995,"14",38
"1816",4,269.798176363621,"14",38
"2337",5,248.344763565538,"14",38
"413",1,234.651089159991,"3",39
"934",2,561.740318712718,"3",39
"1456",3,597.67107790816,"3",39
"1974",4,425.621144380307,"3",39
"2494",5,386.486115984679,"3",39
"466",1,399.849061559589,"4",39
"986",2,608.95935283927,"4",39
"1506",3,390.208310906998,"4",39
"2027",4,177.861131773992,"4",39
"2547",5,119.198201831384,"4",39
"516",1,204.785684083094,"5",39
"1039",2,529.85582649027,"5",39
"1560",3,587.352177782754,"5",39
"2078",4,414.610291795893,"5",39
"2596",5,360.351108938079,"5",39
"52",1,230.532245596850,"10",39
"571",2,757.70434221409,"10",39
"1091",3,909.809687951453,"10",39
"1608",4,650.068256845787,"10",39
"2131",5,608.325192010081,"10",39
"100",1,223.955192255905,"11",39
"624",2,606.458929716145,"11",39
"1141",3,676.483068569233,"11",39
"1660",4,511.886436539817,"11",39
"2183",5,543.281234350925,"11",39
"156",1,237.129696420406,"12",39
"674",2,185.317470002090,"12",39
"1193",3,298.514626407031,"12",39
"1715",4,371.097786065403,"12",39
"2235",5,155.688966569045,"12",39
"208",1,388.943314642608,"13",39
"726",2,584.668168569868,"13",39
"1246",3,441.418380062859,"13",39
"1766",4,245.687613716178,"13",39
"2288",5,177.316518776974,"13",39
"258",1,161.371480958993,"14",39
"779",2,370.022873189466,"14",39
"1297",3,401.276422184561,"14",39
"1820",4,301.461788849514,"14",39
"2339",5,285.149313938970,"14",39
"369",1,235.108264564637,"3",40
"889",2,574.033875528603,"3",40
"1410",3,613.887040873555,"3",40
"1932",4,442.644265183971,"3",40
"2450",5,366.744041678471,"3",40
"421",1,410.862238218267,"4",40
"942",2,662.102503715303,"4",40
"1464",3,427.113673199914,"4",40
"1983",4,194.721320646263,"4",40
"2501",5,119.434702316639,"4",40
"474",1,204.258890888104,"5",40
"996",2,547.66415070434,"5",40
"1516",3,607.986703118454,"5",40
"2034",4,431.970532688362,"5",40
"2553",5,346.109243242473,"5",40
"6",1,229.214669738414,"10",40
"528",2,774.793568940363,"10",40
"1047",3,921.752444283957,"10",40
"1565",4,659.289740084612,"10",40
"2086",5,571.779229475385,"10",40
"60",1,226.14502706873,"11",40
"579",2,630.166198767834,"11",40
"1099",3,702.415978566816,"11",40
"1617",4,534.039840985919,"11",40
"2140",5,519.441327574996,"11",40
"112",1,244.884511089781,"12",40
"631",2,190.700099202011,"12",40
"1149",3,312.394152849852,"12",40
"1669",4,409.930822939194,"12",40
"2191",5,164.927498380242,"12",40
"162",1,397.417314447737,"13",40
"681",2,633.686077422437,"13",40
"1204",3,483.151148697119,"13",40
"1724",4,271.361967023303,"13",40
"2242",5,182.214910273092,"13",40
"214",1,168.101189001818,"14",40
"736",2,411.422687128807,"14",40
"1256",3,449.775982922598,"14",40
"1775",4,342.844362947863,"14",40
"2294",5,309.037200284533,"14",40
"370",1,233.771994356956,"3",41
"892",2,558.455051185598,"3",41
"1412",3,609.989985091129,"3",41
"1930",4,449.079999410241,"3",41
"2449",5,363.743159368241,"3",41
"422",1,416.746196367339,"4",41
"944",2,683.360243020679,"4",41
"1463",3,452.191751443959,"4",41
"1981",4,208.640836082049,"4",41
"2502",5,126.008709830656,"4",41
"476",1,201.883981186335,"5",41
"995",2,537.910284193660,"5",41
"1515",3,607.956843213575,"5",41
"2035",4,439.374312185582,"5",41
"2556",5,349.090779501706,"5",41
"8",1,226.086095117173,"10",41
"526",2,752.844314755859,"10",41
"1046",3,901.17825893488,"10",41
"1566",4,651.641731765034,"10",41
"2088",5,563.210711955299,"10",41
"59",1,226.621827849196,"11",41
"578",2,622.674979999992,"11",41
"1098",3,703.980469856156,"11",41
"1620",4,542.61591095411,"11",41
"2139",5,519.806102008669,"11",41
"111",1,247.489862817446,"12",41
"630",2,186.195392306166,"12",41
"1152",3,314.095656552194,"12",41
"1672",4,438.392916059339,"12",41
"2192",5,184.393876771444,"12",41
"164",1,400.014963834932,"13",41
"682",2,651.575222149335,"13",41
"1201",3,511.821383319558,"13",41
"1722",4,293.970334764179,"13",41
"2244",5,198.029826539038,"13",41
"215",1,172.399336250938,"14",41
"733",2,432.802582759191,"14",41
"1255",3,485.327249120806,"14",41
"1776",4,379.46544846901,"14",41
"2296",5,350.851063228485,"14",41
"372",1,233.753995629436,"3",42
"891",2,545.081232526865,"3",42
"1411",3,606.508710475586,"3",42
"1931",4,454.197801986271,"3",42
"2452",5,357.828759347273,"3",42
"424",1,422.823155232212,"4",42
"943",2,705.024869005386,"4",42
"1461",3,478.512431122376,"4",42
"1982",4,223.373189058942,"4",42
"2504",5,132.670645648252,"4",42
"473",1,200.397977339022,"5",42
"993",2,529.044156048285,"5",42
"1514",3,607.426214840644,"5",42
"2036",4,445.82579056192,"5",42
"2554",5,350.7074079166,"5",42
"5",1,224.206760896657,"10",42
"527",2,732.615043560217,"10",42
"1048",3,879.765620357209,"10",42
"1567",4,641.744798962024,"10",42
"2085",5,551.699503998618,"10",42
"57",1,228.358018782333,"11",42
"577",2,616.473274831174,"11",42
"1097",3,704.394079937451,"11",42
"1619",4,548.741983184872,"11",42
"2138",5,516.535362330433,"11",42
"110",1,248.144566382141,"12",42
"629",2,181.796983881878,"12",42
"1151",3,313.88657930236,"12",42
"1671",4,463.624633833022,"12",42
"2190",5,206.009283698959,"12",42
"161",1,401.978441531147,"13",42
"683",2,669.360225179406,"13",42
"1203",3,542.250206407924,"13",42
"1723",4,318.804858284762,"13",42
"2241",5,215.577504223560,"13",42
"213",1,176.375227770204,"14",42
"734",2,453.540984602824,"14",42
"1254",3,520.938039361001,"14",42
"1774",4,417.203878693226,"14",42
"2293",5,395.115076018083,"14",42
"371",1,235.012406889379,"3",43
"890",2,533.922423418496,"3",43
"1409",3,603.47872052546,"3",43
"1929",4,457.913600840636,"3",43
"2451",5,349.324821833663,"3",43
"423",1,428.997254494374,"4",43
"941",2,726.74190361447,"4",43
"1462",3,505.676608180152,"4",43
"1984",4,238.699112344079,"4",43
"2503",5,139.292430363346,"4",43
"475",1,199.777676123260,"5",43
"994",2,521.142187976264,"5",43
"1513",3,606.42033401383,"5",43
"2033",4,451.210010184574,"5",43
"2555",5,350.958311118013,"5",43
"7",1,223.537379960123,"10",43
"525",2,714.273640113683,"10",43
"1045",3,857.963365340694,"10",43
"1568",4,629.929493646271,"10",43
"2087",5,537.702119282149,"10",43
"58",1,231.314133966046,"11",43
"580",2,611.58332733954,"11",43
"1100",3,703.684718065005,"11",43
"1618",4,552.316675558743,"11",43
"2137",5,509.861716631138,"11",43
"109",1,246.884834361257,"12",43
"632",2,177.569561842934,"12",43
"1150",3,311.834220171286,"12",43
"1670",4,484.605477405933,"12",43
"2189",5,229.594648458190,"12",43
"163",1,403.28767371616,"13",43
"684",2,686.732414688454,"13",43
"1202",3,574.021814570401,"13",43
"1721",4,345.653431529514,"13",43
"2243",5,234.744637248388,"13",43
"216",1,179.950754038650,"14",43
"735",2,473.150776976923,"14",43
"1253",3,555.694412549712,"14",43
"1773",4,455.056413208326,"14",43
"2295",5,440.663872773291,"14",43
"373",1,250.118368047165,"3",44
"893",2,547.607248398097,"3",44
"1414",3,613.058806822817,"3",44
"1936",4,474.902965041597,"3",44
"2454",5,342.584360527474,"3",44
"425",1,458.237342720647,"4",44
"946",2,780.326477244415,"4",44
"1468",3,543.942974356587,"4",44
"1987",4,262.483232661659,"4",44
"2505",5,147.440796618708,"4",44
"478",1,210.614830885571,"5",44
"1000",2,536.422549504748,"5",44
"1520",3,617.170206559649,"5",44
"2038",4,470.012240426678,"5",44
"2557",5,353.979193563131,"5",44
"10",1,235.937000003293,"10",44
"532",2,728.025751965684,"10",44
"1051",3,853.052529978962,"10",44
"1569",4,636.287997608249,"10",44
"2090",5,527.827014564103,"10",44
"64",1,247.950874567766,"11",44
"583",2,634.214450710406,"11",44
"1103",3,716.045383256524,"11",44
"1621",4,571.006165162434,"11",44
"2144",5,505.968159635285,"11",44
"116",1,256.715461943401,"12",44
"635",2,181.045359945146,"12",44
"1153",3,314.251692848947,"12",44
"1673",4,516.41477310641,"12",44
"2195",5,257.812596722031,"12",44
"166",1,425.339816209837,"13",44
"685",2,733.640678251584,"13",44
"1208",3,618.842475473718,"13",44
"1728",4,386.171145679553,"13",44
"2246",5,258.33635582684,"13",44
"218",1,192.750441661631,"14",44
"740",2,512.246132026302,"14",44
"1260",3,600.405038836879,"14",44
"1779",4,507.532361499551,"14",44
"2298",5,491.647167594219,"14",44
"374",1,254.084011975707,"3",45
"896",2,540.67816704867,"3",45
"1416",3,610.997822539208,"3",45
"1934",4,475.633095569274,"3",45
"2453",5,329.871498616387,"3",45
"426",1,464.616132378049,"4",45
"948",2,801.800915633627,"4",45
"1467",3,571.747117936916,"4",45
"1985",4,278.563175656756,"4",45
"2506",5,153.585277830111,"4",45
"480",1,211.758852989523,"5",45
"999",2,530.42367500429,"5",45
"1519",3,615.256303269892,"5",45
"2039",4,473.029045716534,"5",45
"2560",5,351.531571943133,"5",45
"12",1,237.738918754008,"10",45
"530",2,713.299192623661,"10",45
"1050",3,831.237825856577,"10",45
"1570",4,621.156751526812,"10",45
"2092",5,510.035772718629,"10",45
"63",1,253.576456388995,"11",45
"582",2,631.947004133483,"11",45
"1102",3,713.137176418296,"11",45
"1624",4,569.261595623651,"11",45
"2143",5,493.267376632798,"11",45
"115",1,251.651393373727,"12",45
"634",2,177.170157821462,"12",45
"1156",3,308.72681208862,"12",45
"1676",4,526.459061518884,"12",45
"2196",5,284.440768064403,"12",45
"168",1,425.290147718683,"13",45
"686",2,749.821224911333,"13",45
"1205",3,652.240817520171,"13",45
"1726",4,416.838345553001,"13",45
"2248",5,280.282765189278,"13",45
"219",1,195.420584536833,"14",45
"737",2,528.649792410307,"14",45
"1259",3,630.736788533417,"14",45
"1780",4,542.727755518967,"14",45
"2300",5,535.163264692808,"14",45
"376",1,259.384433385436,"3",46
"895",2,536.188216708412,"3",46
"1415",3,609.507728903302,"3",46
"1935",4,474.734420576999,"3",46
"2456",5,315.697625626683,"3",46
"428",1,470.757792854052,"4",46
"947",2,821.95899789449,"4",46
"1465",3,598.572166295194,"4",46
"1986",4,294.144135303247,"4",46
"2508",5,159.177748195664,"4",46
"477",1,213.811497502485,"5",46
"997",2,525.6638378108,"5",46
"1518",3,612.94095522559,"5",46
"2040",4,474.622738090865,"5",46
"2558",5,347.794664366264,"5",46
"9",1,240.813423320953,"10",46
"531",2,700.99478936366,"10",46
"1052",3,810.171773717313,"10",46
"1571",4,605.048886517866,"10",46
"2089",5,491.102406962332,"10",46
"61",1,260.458309411792,"11",46
"581",2,631.160458415134,"11",46
"1101",3,709.199426051081,"11",46
"1623",4,564.79363339618,"11",46
"2142",5,478.139695185644,"11",46
"114",1,244.941308285147,"12",46
"633",2,173.640474692302,"12",46
"1155",3,301.700868076098,"12",46
"1675",4,529.609595966787,"12",46
"2194",5,311.427974132878,"12",46
"165",1,424.508157068604,"13",46
"687",2,764.445331531622,"13",46
"1207",3,684.99539024689,"13",46
"1727",4,448.056611184123,"13",46
"2245",5,302.905023121464,"13",46
"217",1,197.419474753141,"14",46
"738",2,542.135041431519,"14",46
"1258",3,656.609721503136,"14",46
"1778",4,573.536304716056,"14",46
"2297",5,574.09651731407,"14",46
"375",1,266.053213665593,"3",47
"894",2,534.227336872233,"3",47
"1413",3,608.627093830504,"3",47
"1933",4,472.177842468781,"3",47
"2455",5,300.450031905988,"3",47
"427",1,476.537527422324,"4",47
"945",2,840.268241792669,"4",47
"1466",3,623.603577013728,"4",47
"1988",4,308.711735968846,"4",47
"2507",5,164.017477027135,"4",47
"479",1,216.794847124031,"5",47
"998",2,522.225803195392,"5",47
"1517",3,610.253101142547,"5",47
"2037",4,474.705637768935,"5",47
"2559",5,342.827870720056,"5",47
"11",1,245.200002666820,"10",47
"529",2,691.261799988824,"10",47
"1049",3,790.163220568665,"10",47
"1572",4,588.270024382289,"10",47
"2091",5,471.437582037554,"10",47
"62",1,268.611779534562,"11",47
"584",2,631.910426998798,"11",47
"1104",3,704.279296759236,"11",47
"1622",4,557.650405942298,"11",47
"2141",5,460.978060192257,"11",47
"113",1,236.772434396735,"12",47
"636",2,170.503362108373,"12",47
"1154",3,293.340944903773,"12",47
"1674",4,525.461856538285,"12",47
"2193",5,337.791926873436,"12",47
"167",1,422.98676968204,"13",47
"688",2,777.099931658266,"13",47
"1206",3,716.177416177584,"13",47
"1725",4,478.964275068165,"13",47
"2247",5,325.618480074228,"13",47
"220",1,198.669557811665,"14",47
"739",2,552.113243076157,"14",47
"1257",3,676.717408550203,"14",47
"1777",4,598.19160285193,"14",47
"2299",5,605.959598803956,"14",47
"377",1,257.348516047422,"3",48
"898",2,503.55084424136,"3",48
"1418",3,614.851786567612,"3",48
"1938",4,444.503589916806,"3",48
"2458",5,285.095876584198,"3",48
"430",1,452.311158695171,"4",48
"950",2,805.966650541092,"4",48
"1469",3,652.802707289782,"4",48
"1991",4,305.575445762815,"4",48
"2511",5,168.253931545616,"4",48
"482",1,207.221189705107,"5",48
"1001",2,489.694945640346,"5",48
"1524",3,613.665305363022,"5",48
"2042",4,449.492227506184,"5",48
"2563",5,337.415302375465,"5",48
"13",1,235.586354221467,"10",48
"535",2,644.136679797385,"10",48
"1055",3,779.675899491123,"10",48
"1575",4,542.486573039355,"10",48
"2093",5,452.369726440909,"10",48
"66",1,261.02872389403,"11",48
"586",2,597.071363525926,"11",48
"1108",3,705.838422186832,"11",48
"1627",4,520.463029274538,"11",48
"2145",5,443.115333257088,"11",48
"118",1,213.424861188564,"12",48
"641",2,157.963679322836,"12",48
"1160",3,286.837056025083,"12",48
"1677",4,488.161222595175,"12",48
"2201",5,363.105433368561,"12",48
"170",1,394.951222867702,"13",48
"693",2,741.19546053194,"13",48
"1210",3,752.648976243316,"13",48
"1730",4,483.036316863456,"13",48
"2249",5,348.430001055325,"13",48
"225",1,186.903965819607,"14",48
"743",2,525.312466589475,"14",48
"1261",3,697.136733775225,"14",48
"1782",4,584.162884302598,"14",48
"2305",5,629.614919382737,"14",48
"379",1,266.337280186412,"3",49
"901",2,506.848132568018,"3",49
"1419",3,615.31708040127,"3",49
"1940",4,438.911417815807,"3",49
"2460",5,268.730013902320,"3",49
"432",1,456.68883813925,"4",49
"952",2,818.136201617546,"4",49
"1472",3,671.716455608084,"4",49
"1993",4,315.828003889211,"4",49
"2509",5,170.980053592565,"4",49
"484",1,211.876898963068,"5",49
"1005",2,489.207362466011,"5",49
"1523",3,610.284725316607,"5",49
"2041",4,446.506052236198,"5",49
"2565",5,330.198566449487,"5",49
"15",1,242.358485357779,"10",49
"537",2,640.287690875993,"10",49
"1053",3,762.406179656755,"10",49
"1576",4,526.059540862657,"10",49
"2095",5,432.276902675429,"10",49
"69",1,271.147036468905,"11",49
"587",2,600.871027106072,"11",49
"1105",3,699.036370366699,"11",49
"1626",4,508.877533462594,"11",49
"2146",5,423.026791613121,"11",49
"119",1,203.610435148754,"12",49
"638",2,155.874659641374,"12",49
"1157",3,276.238682704469,"12",49
"1678",4,470.373993282068,"12",49
"2199",5,384.520522345302,"12",49
"172",1,392.129966028946,"13",49
"692",2,748.218999412235,"13",49
"1212",3,777.74367653058,"13",49
"1733",4,508.67792654456,"13",49
"2252",5,369.048034653361,"13",49
"224",1,186.480669804723,"14",49
"742",2,526.616723865611,"14",49
"1265",3,702.193079556253,"14",49
"1784",4,591.199662988711,"14",49
"2303",5,640.231250887721,"14",49
"381",1,276.802440517382,"3",50
"900",2,512.988517954271,"3",50
"1420",3,616.526089012078,"3",50
"1941",4,431.766538213201,"3",50
"2461",5,252.284922361068,"3",50
"433",1,460.352644139827,"4",50
"953",2,826.971802853161,"4",50
"1473",3,685.997360465718,"4",50
"1990",4,323.419048557413,"4",50
"2513",5,172.354700679760,"4",50
"485",1,217.538523874751,"5",50
"1003",2,490.244196861524,"5",50
"1522",3,606.616502209162,"5",50
"2045",4,441.923107103556,"5",50
"2564",5,321.994287728003,"5",50
"16",1,250.596658942788,"10",50
"534",2,639.376866673023,"10",50
"1057",3,746.97042836105,"10",50
"1577",4,509.733841099464,"10",50
"2097",5,412.445125902809,"10",50
"68",1,282.548887269953,"11",50
"585",2,606.343816057265,"11",50
"1107",3,691.402477927836,"11",50
"1629",4,495.100663953451,"11",50
"2149",5,402.060639764612,"11",50
"117",1,193.034334317776,"12",50
"637",2,154.279598435893,"12",50
"1159",3,264.845700990881,"12",50
"1681",4,446.296919105336,"12",50
"2198",5,401.305917032510,"12",50
"169",1,388.617541306587,"13",50
"689",2,752.226313623808,"13",50
"1209",3,797.881223345536,"13",50
"1732",4,530.63253132868,"13",50
"2250",5,387.188588690838,"13",50
"222",1,185.183141015854,"14",50
"741",2,523.29498048889,"14",50
"1264",3,698.22077270776,"14",50
"1783",4,588.240196730481,"14",50
"2301",5,637.443489377841,"14",50
"380",1,288.840935252903,"3",51
"897",2,522.220998504385,"3",51
"1417",3,618.526607228878,"3",51
"1937",4,423.112969895878,"3",51
"2457",5,236.016005342889,"3",51
"429",1,463.174847749823,"4",51
"949",2,831.96131860428,"4",51
"1470",3,694.718623521927,"4",51
"1989",4,327.797351306334,"4",51
"2510",5,172.215574008108,"4",51
"483",1,224.276328766974,"5",51
"1002",2,492.923756457068,"5",51
"1521",3,602.690112208074,"5",51
"2044",4,435.725818188704,"5",51
"2562",5,312.900585177395,"5",51
"14",1,260.426074368654,"10",51
"533",2,641.637847207608,"10",51
"1054",3,733.58546414722,"10",51
"1574",4,493.707711393192,"10",51
"2094",5,393.119221030595,"10",51
"67",1,295.274580291497,"11",51
"588",2,613.594314539017,"11",51
"1109",3,682.994570778787,"11",51
"1628",4,479.311759165811,"11",51
"2147",5,380.563982626239,"11",51
"120",1,181.902902689722,"12",51
"640",2,153.221798951136,"12",51
"1161",3,252.841864105038,"12",51
"1679",4,416.748318838845,"12",51
"2197",5,412.048810911237,"12",51
"171",1,384.422817966835,"13",51
"690",2,752.869107134799,"13",51
"1213",3,811.89380050664,"13",51
"1729",4,547.596096842199,"13",51
"2251",5,401.816502688531,"13",51
"221",1,182.977750785065,"14",51
"745",2,515.11560938652,"14",51
"1263",3,684.718735193534,"14",51
"1781",4,574.692394417857,"14",51
"2302",5,620.417082228725,"14",51
"378",1,302.567066273667,"3",52
"899",2,534.859273844982,"3",52
"1421",3,621.369934051744,"3",52
"1939",4,413.012984241672,"3",52
"2459",5,220.136373910724,"3",52
"431",1,465.029286553588,"4",52
"951",2,832.633148061774,"4",52
"1471",3,697.048667260685,"4",52
"1992",4,328.482530046945,"4",52
"2512",5,170.438409707111,"4",52
"481",1,232.175804539904,"5",52
"1004",2,497.382550614032,"5",52
"1525",3,598.534754276745,"5",52
"2043",4,427.917578701472,"5",52
"2561",5,303.020811534881,"5",52
"17",1,272.000051475574,"10",52
"536",2,647.352693378579,"10",52
"1056",3,722.460215873255,"10",52
"1573",4,478.155826285573,"10",52
"2096",5,374.502439574935,"10",52
"65",1,309.366856140082,"11",52
"589",2,622.745221448375,"11",52
"1106",3,673.871686958387,"11",52
"1625",4,461.71555715165,"11",52
"2148",5,358.852596345521,"11",52
"121",1,170.414389989164,"12",52
"639",2,152.748185919895,"12",52
"1158",3,240.403667205935,"12",52
"1680",4,382.791268308532,"12",52
"2200",5,415.514925362691,"12",52
"173",1,379.558653505194,"13",52
"691",2,749.840608031944,"13",52
"1211",3,818.692687547033,"13",52
"1731",4,558.302960950541,"13",52
"2253",5,411.900033581839,"13",52
"223",1,179.846183989574,"14",52
"744",2,501.996059512959,"14",52
"1262",3,661.607569183392,"14",52
"1785",4,550.574839229319,"14",52
"2304",5,589.328324653992,"14",52
"20811",1,137.819550835189,"16",1
"20821",2,187.415245120738,"16",1
"20831",3,237.314461490972,"16",1
"20841",4,293.048438827236,"16",1
"20851",5,303.871990811674,"16",1
"20861",1,129.119967151248,"16",2
"20871",2,187.918257396331,"16",2
"20881",3,239.139598751032,"16",2
"20891",4,288.596905545476,"16",2
"20901",5,324.231265215509,"16",2
"20911",1,120.876091677617,"16",3
"20921",2,188.693306293172,"16",3
"20931",3,240.330464751669,"16",3
"20941",4,283.242576571055,"16",3
"20951",5,341.754241973390,"16",3
"20961",1,113.186897035334,"16",4
"20971",2,189.713843282056,"16",4
"20981",3,240.852620682629,"16",4
"20991",4,277.364142699627,"16",4
"21001",5,355.871623765157,"16",4
"21011",1,108.249624743776,"16",5
"21021",2,182.518614150569,"16",5
"21031",3,237.198452706079,"16",5
"21041",4,276.025918468819,"16",5
"21051",5,365.146543193837,"16",5
"21061",1,101.738671491460,"16",6
"21071",2,183.895165855531,"16",6
"21081",3,236.263389261847,"16",6
"21091",4,269.198476740419,"16",6
"21101",5,370.611072224712,"16",6
"21111",1,95.9494541381699,"16",7
"21121",2,185.440163272451,"16",7
"21131",3,234.539744929982,"16",7
"21141",4,261.739319117415,"16",7
"21151",5,370.956864880825,"16",7
"21161",1,90.895960154258,"16",8
"21171",2,187.132355913415,"16",8
"21181",3,231.997358337394,"16",8
"21191",4,253.413181281744,"16",8
"21201",5,365.860623002585,"16",8
"21211",1,84.0027221148949,"16",9
"21221",2,193.472887749682,"16",9
"21231",3,218.530381120546,"16",9
"21241",4,228.312982207527,"16",9
"21251",5,348.246521127958,"16",9
"21261",1,80.5267757235016,"16",10
"21271",2,195.438461373328,"16",10
"21281",3,214.515468023958,"16",10
"21291",4,218.344258418251,"16",10
"21301",5,332.718234118005,"16",10
"21311",1,77.753999405418,"16",11
"21321",2,197.483181139943,"16",11
"21331",3,209.741113991890,"16",11
"21341",4,207.166842901175,"16",11
"21351",5,312.618855683573,"16",11
"21361",1,75.677151175305,"16",12
"21371",2,199.579389361213,"16",12
"21381",3,204.261331693585,"16",12
"21391",4,194.840827743292,"16",12
"21401",5,288.801075319913,"16",12
"21411",1,74.2930786371372,"16",13
"21421",2,201.696838471402,"16",13
"21431",3,198.154965644994,"16",13
"21441",4,181.532071651850,"16",13
"21451",5,262.327787701582,"16",13
"21461",1,71.5741551222482,"16",14
"21471",2,193.110127783002,"16",14
"21481",3,191.949937514085,"16",14
"21491",4,165.240076089033,"16",14
"21501",5,233.001183771041,"16",14
"21511",1,71.5978384908817,"16",15
"21521",2,195.059637559880,"16",15
"21531",3,184.906516320931,"16",15
"21541",4,150.996980997905,"16",15
"21551",5,204.911347548141,"16",15
"21561",1,72.3410260790843,"16",16
"21571",2,196.92626079312,"16",16
"21581",3,177.611139361547,"16",16
"21591",4,136.715656964921,"16",16
"21601",5,177.600334978447,"16",16
"21611",1,73.848525861887,"16",17
"21621",2,198.669760318548,"16",17
"21631",3,170.229501630004,"16",17
"21641",4,122.768634830000,"16",17
"21651",5,151.974440658734,"16",17
"21661",1,69.9858576502388,"16",18
"21671",2,189.006496860147,"16",18
"21681",3,160.258046197969,"16",18
"21691",4,109.159426933542,"16",18
"21701",5,128.432616863613,"16",18
"21711",1,72.962136510328,"16",19
"21721",2,190.302769428012,"16",19
"21731",3,153.390383529174,"16",19
"21741",4,97.007121702718,"16",19
"21751",5,108.072734708057,"16",19
"21761",1,76.7698164491315,"16",20
"21771",2,191.397231346002,"16",20
"21781",3,147.042308724659,"16",20
"21791",4,86.2572849478248,"16",20
"21801",5,90.863280924828,"16",20
"21811",1,81.4031905027888,"16",21
"21821",2,192.287965967759,"16",21
"21831",3,141.408835548751,"16",21
"21841",4,77.1438449074321,"16",21
"21851",5,76.7952834144554,"16",21
"21861",1,79.2525958931844,"16",22
"21871",2,181.016771691321,"16",22
"21881",3,131.929945978783,"16",22
"21891",4,68.6569945635947,"16",22
"21901",5,64.8423868126224,"16",22
"21911",1,84.9830653253393,"16",23
"21921",2,181.467175651999,"16",23
"21931",3,128.277889989906,"16",23
"21941",4,63.1627461578958,"16",23
"21951",5,56.2947138719214,"16",23
"21961",1,91.4540811826183,"16",24
"21971",2,181.724976506178,"16",24
"21981",3,125.646036305081,"16",24
"21991",4,59.3917016897179,"16",24
"22001",5,49.8415690247166,"16",24
"22011",1,98.6419689617502,"16",25
"22021",2,181.791244371560,"16",25
"22031",3,124.072440592050,"16",25
"22041",4,57.2926390758283,"16",25
"22051",5,45.1049537098964,"16",25
"22061",1,106.502596274937,"16",26
"22071",2,181.667971261110,"16",26
"22081",3,123.564740557199,"16",26
"22091",4,56.8111055325366,"16",26
"22101",5,41.7579374604704,"16",26
"22111",1,114.209571505235,"16",27
"22121",2,178.754953259939,"16",27
"22131",3,120.318322386124,"16",27
"22141",4,58.3403738657398,"16",27
"22151",5,37.6292253993431,"16",27
"22161",1,123.109179584037,"16",28
"22171",2,178.269720831743,"16",28
"22181",3,121.810869865696,"16",28
"22191",4,61.0008070171699,"16",28
"22201",5,36.3924975160514,"16",28
"22211",1,132.358278738624,"16",29
"22221",2,177.609770482781,"16",29
"22231",3,124.206951941989,"16",29
"22241",4,65.2132470907258,"16",29
"22251",5,35.8954851305920,"16",29
"22261",1,141.769480449706,"16",30
"22271",2,176.78143428702,"16",30
"22281",3,127.416672949356,"16",30
"22291",4,70.9826504024305,"16",30
"22301",5,36.046830517324,"16",30
"22311",1,160.926692921684,"16",31
"22321",2,179.305532757196,"16",31
"22331",3,142.082043573471,"16",31
"22341",4,82.7349471224762,"16",31
"22351",5,38.5277046075198,"16",31
"22361",1,170.500773574103,"16",32
"22371",2,178.141641526717,"16",32
"22381",3,146.925438135796,"16",32
"22391",4,92.1268828160031,"16",32
"22401",5,39.9213717397608,"16",32
"22411",1,179.362526351300,"16",33
"22421",2,176.833169055526,"16",33
"22431",3,152.212725069771,"16",33
"22441",4,103.121491157090,"16",33
"22451",5,41.9426346359196,"16",33
"22461",1,187.139376519571,"16",34
"22471",2,175.39189127033,"16",34
"22481",3,157.756561357613,"16",34
"22491",4,115.618007719268,"16",34
"22501",5,44.6432100804391,"16",34
"22511",1,200.645192708225,"16",35
"22521",2,190.308971447355,"16",35
"22531",3,169.311550280559,"16",35
"22541",4,132.91359879129,"16",35
"22551",5,55.2183938205802,"16",35
"22561",1,205.320148993408,"16",36
"22571",2,188.489217632962,"16",36
"22581",3,174.981278545029,"16",36
"22591",4,148.184888089244,"16",36
"22601",5,60.208448149005,"16",36
"22611",1,208.10697894247,"16",37
"22621",2,186.595679302741,"16",37
"22631",3,180.390731139254,"16",37
"22641",4,164.272880698711,"16",37
"22651",5,66.300774231266,"16",37
"22661",1,209.097151182788,"16",38
"22671",2,184.667820693288,"16",38
"22681",3,185.464182372165,"16",38
"22691",4,180.882398152199,"16",38
"22701",5,73.5900918207,"16",38
"22711",1,208.421057542633,"16",39
"22721",2,182.742499060893,"16",39
"22731",3,190.160904745364,"16",39
"22741",4,197.674277536284,"16",39
"22751",5,82.1836940249476,"16",39
"22761",1,209.026762871795,"16",40
"22771",2,190.536842450454,"16",40
"22781",3,201.139655826759,"16",40
"22791",4,218.9864301552,"16",40
"22801",5,87.4428376524124,"16",40
"22811",1,205.454052334739,"16",41
"22821",2,188.617337452717,"16",41
"22831",3,205.217612158593,"16",41
"22841",4,235.345015696777,"16",41
"22851",5,98.3859508596043,"16",41
"22861",1,200.703395906970,"16",42
"22871",2,186.79718940905,"16",42
"22881",3,208.957606523355,"16",42
"22891",4,250.689238620968,"16",42
"22901",5,110.873025006960,"16",42
"22911",1,194.953024375821,"16",43
"22921",2,185.101810559679,"16",43
"22931",3,212.420218673146,"16",43
"22941",4,264.633038650960,"16",43
"22951",5,124.982806382767,"16",43
"22961",1,198.362509570644,"16",44
"22971",2,191.456952998636,"16",44
"22981",3,220.028209716234,"16",44
"22991",4,285.714652925599,"16",44
"23001",5,142.428079121387,"16",44
"23011",1,190.739041089580,"16",45
"23021",2,190.015599474445,"16",45
"23031",3,223.217238548937,"16",45
"23041",4,296.259696421602,"16",45
"23051",5,160.122808613978,"16",45
"23061",1,182.581177331901,"16",46
"23071",2,188.76570569545,"16",46
"23081",3,226.342228198823,"16",46
"23091",4,304.588762692122,"16",46
"23101",5,179.522909286979,"16",46
"23111",1,174.041161194504,"16",47
"23121",2,187.723107598162,"16",47
"23131",3,229.455460637409,"16",47
"23141",4,310.655919443325,"16",47
"23151",5,200.55931360968,"16",47
"23161",1,155.137195879493,"16",48
"23171",2,175.942571314573,"16",48
"23181",3,235.0484876726,"16",48
"23191",4,298.765732460165,"16",48
"23201",5,223.559626065184,"16",48
"23211",1,146.790835332095,"16",49
"23221",2,175.391592869249,"16",49
"23231",3,238.202038716314,"16",49
"23241",4,300.500735599847,"16",49
"23251",5,247.370756792891,"16",49
"23261",1,138.45404130656,"16",50
"23271",2,175.075337465475,"16",50
"23281",3,241.283257686321,"16",50
"23291",4,300.481418730488,"16",50
"23301",5,271.980149105621,"16",50
"23311",1,130.230514577657,"16",51
"23321",2,175.007617329743,"16",51
"23331",3,244.165287686315,"16",51
"23341",4,298.879062654689,"16",51
"23351",5,296.685813305353,"16",51
"23361",1,122.215174914319,"16",52
"23371",2,175.203922113467,"16",52
"23381",3,246.657756023481,"16",52
"23391",4,295.783415139311,"16",52
"23401",5,320.418996892276,"16",52
