Week,Category,Price,Spec
0,0,2.544654655,Plaice
1,0,2.324569185,Plaice
2,0,2.251765766,Plaice
3,0,2.273532756,Plaice
4,0,2.331684133,Plaice
5,0,2.233134187,Plaice
6,0,2.334203266,Plaice
7,0,2.321928556,Plaice
8,0,2.422787042,Plaice
9,0,2.466099099,Plaice
10,0,1.14,Plaice
11,0,2.588510864,Plaice
12,0,2.571510447,Plaice
13,0,2.59472803,Plaice
14,0,2.541517978,Plaice
15,0,2.539746348,Plaice
16,0,2.533869214,Plaice
17,0,2.357591163,Plaice
18,0,2.470649487,Plaice
19,0,2.467492384,Plaice
20,0,2.550303581,Plaice
21,0,3.47,Plaice
22,0,3.15,Plaice
23,0,2.524809883,Plaice
24,0,2.574427738,Plaice
25,0,2.547309883,Plaice
26,0,2.381329676,Plaice
27,0,2.57,Plaice
28,0,2.26,Plaice
29,0,2.264848335,Plaice
30,0,2.158692595,Plaice
31,0,2.298923661,Plaice
32,0,2.333825467,Plaice
33,0,2.30894406,Plaice
34,0,2.391294221,Plaice
35,0,2.428165766,Plaice
36,0,2.467328266,Plaice
37,0,2.428248524,Plaice
38,0,2.382618913,Plaice
39,0,2.371112988,Plaice
40,0,2.398975642,Plaice
41,0,2.421160503,Plaice
42,0,2.63,Plaice
43,0,2.58,Plaice
44,0,2.590935834,Plaice
45,0,2.555919612,Plaice
46,0,2.465135845,Plaice
47,0,2.605684465,Plaice
48,0,2.437861004,Plaice
49,0,2.472351132,Plaice
50,0,2.39954955,Plaice
51,0,2.463543544,Plaice
52,0,2.652432432,Plaice
0,1,2.25275,Plaice
1,1,1.744909091,Plaice
2,1,1.499189189,Plaice
3,1,1.369493671,Plaice
4,1,1.355925926,Plaice
5,1,1.39988764,Plaice
6,1,1.636034483,Plaice
7,1,1.874683544,Plaice
8,1,1.919883721,Plaice
9,1,2.168933333,Plaice
10,1,2.38962963,Plaice
11,1,2.393939394,Plaice
12,1,2.470428571,Plaice
13,1,2.651388889,Plaice
14,1,2.898860759,Plaice
15,1,3.2731,Plaice
16,1,3.305384615,Plaice
17,1,3.272424242,Plaice
18,1,3.273043478,Plaice
19,1,3.363684211,Plaice
20,1,3.259166667,Plaice
21,1,3.3427,Plaice
22,1,3.340927835,Plaice
23,1,3.236442308,Plaice
24,1,3.197387387,Plaice
25,1,3.135405405,Plaice
26,1,3.18312,Plaice
27,1,3.245794393,Plaice
28,1,3.52622449,Plaice
29,1,3.881354167,Plaice
30,1,3.663376623,Plaice
31,1,3.757380952,Plaice
32,1,3.22483871,Plaice
33,1,3.136229508,Plaice
34,1,3.086880734,Plaice
35,1,3.102568807,Plaice
36,1,3.176811594,Plaice
37,1,2.94982906,Plaice
38,1,2.9565625,Plaice
39,1,2.952868852,Plaice
40,1,2.758415842,Plaice
41,1,2.733207547,Plaice
42,1,2.745555556,Plaice
43,1,2.800782609,Plaice
44,1,2.912769231,Plaice
45,1,2.669009009,Plaice
46,1,2.592169811,Plaice
47,1,2.585192308,Plaice
48,1,2.233394495,Plaice
49,1,2.039357798,Plaice
50,1,1.844146341,Plaice
51,1,1.785294118,Plaice
52,1,1.8904,Plaice
0,2,2.007619048,Plaice
1,2,1.507295597,Plaice
2,2,1.386106195,Plaice
3,2,1.311981982,Plaice
4,2,1.371838235,Plaice
5,2,1.376166667,Plaice
6,2,1.527924528,Plaice
7,2,1.620165289,Plaice
8,2,1.765157895,Plaice
9,2,1.858529412,Plaice
10,2,2.033333333,Plaice
11,2,2.034537815,Plaice
12,2,2.144237288,Plaice
13,2,2.17234375,Plaice
14,2,2.372110092,Plaice
15,2,2.551454545,Plaice
16,2,2.443333333,Plaice
17,2,2.5865625,Plaice
18,2,2.783597122,Plaice
19,2,2.660472973,Plaice
20,2,2.830584416,Plaice
21,2,2.61866242,Plaice
22,2,2.685562914,Plaice
23,2,2.582209302,Plaice
24,2,2.513295455,Plaice
25,2,2.523636364,Plaice
26,2,2.446601307,Plaice
27,2,2.495166667,Plaice
28,2,2.509593023,Plaice
29,2,2.78288,Plaice
30,2,2.821666667,Plaice
31,2,2.816879433,Plaice
32,2,2.6225,Plaice
33,2,2.543028169,Plaice
34,2,2.604,Plaice
35,2,2.669527027,Plaice
36,2,2.632171429,Plaice
37,2,2.605344828,Plaice
38,2,2.543668639,Plaice
39,2,2.594689266,Plaice
40,2,2.471785714,Plaice
41,2,2.43251462,Plaice
42,2,2.388553459,Plaice
43,2,2.407315436,Plaice
44,2,2.369836957,Plaice
45,2,2.224012739,Plaice
46,2,2.207701863,Plaice
47,2,2.145530726,Plaice
48,2,1.889207317,Plaice
49,2,1.761954887,Plaice
50,2,1.595,Plaice
51,2,1.581081081,Plaice
52,2,1.758571429,Plaice
0,3,1.986909091,Plaice
1,3,1.602375,Plaice
2,3,1.488981481,Plaice
3,3,1.40266129,Plaice
4,3,1.42733945,Plaice
5,3,1.441111111,Plaice
6,3,1.697128713,Plaice
7,3,1.63034188,Plaice
8,3,1.710956522,Plaice
9,3,1.90016129,Plaice
10,3,2.055420561,Plaice
11,3,2.050756303,Plaice
12,3,2.057795276,Plaice
13,3,2.091171875,Plaice
14,3,2.123046358,Plaice
15,3,2.123109244,Plaice
16,3,1.99088,Plaice
17,3,2.041583333,Plaice
18,3,2.173566879,Plaice
19,3,2.178571429,Plaice
20,3,2.197358491,Plaice
21,3,2.271811594,Plaice
22,3,2.320650888,Plaice
23,3,2.205540541,Plaice
24,3,2.208484848,Plaice
25,3,2.114039735,Plaice
26,3,2.049878788,Plaice
27,3,1.950299401,Plaice
28,3,1.923935484,Plaice
29,3,1.897265625,Plaice
30,3,1.898813559,Plaice
31,3,1.948,Plaice
32,3,1.914362416,Plaice
33,3,1.99621118,Plaice
34,3,1.921192053,Plaice
35,3,2.094522293,Plaice
36,3,2.082663317,Plaice
37,3,2.021771429,Plaice
38,3,1.998682635,Plaice
39,3,2.059775281,Plaice
40,3,2.029038462,Plaice
41,3,2.014597701,Plaice
42,3,2.071474359,Plaice
43,3,2.166315789,Plaice
44,3,2.017175573,Plaice
45,3,2.050805369,Plaice
46,3,2.058120301,Plaice
47,3,2.0272,Plaice
48,3,1.885639098,Plaice
49,3,1.790294118,Plaice
50,3,1.722222222,Plaice
51,3,1.749473684,Plaice
52,3,1.9764,Plaice
0,4,1.898888889,Plaice
1,4,1.678803419,Plaice
2,4,1.606,Plaice
3,4,1.62776699,Plaice
4,4,1.685918367,Plaice
5,4,1.587368421,Plaice
6,4,1.6884375,Plaice
7,4,1.676162791,Plaice
8,4,1.777021277,Plaice
9,4,1.820333333,Plaice
10,4,1.88776699,Plaice
11,4,1.942745098,Plaice
12,4,1.925744681,Plaice
13,4,1.948962264,Plaice
14,4,1.895752212,Plaice
15,4,1.893980583,Plaice
16,4,1.888103448,Plaice
17,4,1.711825397,Plaice
18,4,1.824883721,Plaice
19,4,1.821726619,Plaice
20,4,1.904537815,Plaice
21,4,1.850735294,Plaice
22,4,1.897165354,Plaice
23,4,1.879044118,Plaice
24,4,1.928661972,Plaice
25,4,1.901544118,Plaice
26,4,1.73556391,Plaice
27,4,1.705153846,Plaice
28,4,1.70620438,Plaice
29,4,1.619082569,Plaice
30,4,1.512926829,Plaice
31,4,1.653157895,Plaice
32,4,1.688059701,Plaice
33,4,1.663178295,Plaice
34,4,1.745528455,Plaice
35,4,1.7824,Plaice
36,4,1.8215625,Plaice
37,4,1.782482759,Plaice
38,4,1.736853147,Plaice
39,4,1.725347222,Plaice
40,4,1.753209877,Plaice
41,4,1.775394737,Plaice
42,4,1.791895425,Plaice
43,4,1.934234234,Plaice
44,4,1.945170068,Plaice
45,4,1.910153846,Plaice
46,4,1.819370079,Plaice
47,4,1.959918699,Plaice
48,4,1.792095238,Plaice
49,4,1.826585366,Plaice
50,4,1.753783784,Plaice
51,4,1.817777778,Plaice
52,4,2.006666667,Plaice
0,0,6.725,Turbot
1,0,7.156666667,Turbot
2,0,10,Turbot
3,0,5.99,Turbot
4,0,5.65,Turbot
5,0,7.741346749,Turbot
6,0,8.056666667,Turbot
7,0,7.676666667,Turbot
8,0,8.408382353,Turbot
9,0,6.87,Turbot
10,0,8.218101135,Turbot
11,0,6.57,Turbot
12,0,8.343849673,Turbot
13,0,8.48218091,Turbot
14,0,8.11,Turbot
15,0,8.304987995,Turbot
16,0,7.780697343,Turbot
17,0,6.065,Turbot
18,0,8.836666667,Turbot
19,0,9.43,Turbot
20,0,6.19,Turbot
21,0,6,Turbot
22,0,4.84,Turbot
23,0,7.68,Turbot
24,0,8.94,Turbot
25,0,6.775,Turbot
26,0,6.857056022,Turbot
27,0,6.565,Turbot
28,0,6.97,Turbot
29,0,8.3275,Turbot
30,0,8.82,Turbot
31,0,7.537965351,Turbot
32,0,16.54,Turbot
33,0,18.82,Turbot
34,0,4.255,Turbot
35,0,7.4075,Turbot
36,0,18.87,Turbot
37,0,5.9425,Turbot
38,0,3.77,Turbot
39,0,5.54,Turbot
40,0,5.035,Turbot
41,0,10.4075,Turbot
42,0,5.345,Turbot
43,0,4.635,Turbot
44,0,7.037490379,Turbot
45,0,6.935,Turbot
46,0,5.646666667,Turbot
47,0,5.656666667,Turbot
48,0,6.62,Turbot
49,0,6.87,Turbot
50,0,12.065,Turbot
51,0,7.514767802,Turbot
52,0,6.944044118,Turbot
0,1,26.97892857,Turbot
1,1,23.79876712,Turbot
2,1,20.15230769,Turbot
3,1,21.28489796,Turbot
4,1,22.81490909,Turbot
5,1,24.36297872,Turbot
6,1,26.12744186,Turbot
7,1,23.7083871,Turbot
8,1,24.25758621,Turbot
9,1,23.28757576,Turbot
10,1,23.56929825,Turbot
11,1,23.44481013,Turbot
12,1,20.14746032,Turbot
13,1,19.64214286,Turbot
14,1,17.96988095,Turbot
15,1,17.70310811,Turbot
16,1,16.48407767,Turbot
17,1,15.76240385,Turbot
18,1,15.72176471,Turbot
19,1,15.17814159,Turbot
20,1,14.04114943,Turbot
21,1,14.60309278,Turbot
22,1,14.59392523,Turbot
23,1,14.16738636,Turbot
24,1,14.32546218,Turbot
25,1,14.2444186,Turbot
26,1,15.538,Turbot
27,1,16.04111111,Turbot
28,1,17.5643662,Turbot
29,1,19.87983051,Turbot
30,1,20.59096774,Turbot
31,1,21.73343284,Turbot
32,1,19.14546875,Turbot
33,1,20.49333333,Turbot
34,1,20.73724638,Turbot
35,1,22.47449438,Turbot
36,1,22.47896104,Turbot
37,1,24.27987013,Turbot
38,1,21.35368421,Turbot
39,1,21.57318681,Turbot
40,1,21.38525641,Turbot
41,1,20.15085366,Turbot
42,1,20.33759494,Turbot
43,1,20.19567901,Turbot
44,1,19.54946237,Turbot
45,1,20.345625,Turbot
46,1,19.35697674,Turbot
47,1,21.0648,Turbot
48,1,21.44465909,Turbot
49,1,24.58658228,Turbot
50,1,26.25096774,Turbot
51,1,25.8083871,Turbot
52,1,28.03866667,Turbot
0,2,21.7547619,Turbot
1,2,19.08487805,Turbot
2,2,16.15039216,Turbot
3,2,16.66192982,Turbot
4,2,17.89980392,Turbot
5,2,19.13211538,Turbot
6,2,19.49447368,Turbot
7,2,19.2202381,Turbot
8,2,17.31785714,Turbot
9,2,18.36064516,Turbot
10,2,18.85921875,Turbot
11,2,18.42466667,Turbot
12,2,17.25471698,Turbot
13,2,16.75538462,Turbot
14,2,15.199,Turbot
15,2,15.11909091,Turbot
16,2,13.92044776,Turbot
17,2,13.5291358,Turbot
18,2,12.79414894,Turbot
19,2,12.61597701,Turbot
20,2,11.59516667,Turbot
21,2,12.1202381,Turbot
22,2,12.10125,Turbot
23,2,11.95038462,Turbot
24,2,11.8824,Turbot
25,2,11.68402439,Turbot
26,2,12.27223684,Turbot
27,2,13.15617647,Turbot
28,2,14.34623377,Turbot
29,2,15.85016129,Turbot
30,2,16.62906977,Turbot
31,2,17.35019608,Turbot
32,2,17.30288136,Turbot
33,2,17.07816901,Turbot
34,2,16.93175,Turbot
35,2,18.0661039,Turbot
36,2,16.87876289,Turbot
37,2,17.43974684,Turbot
38,2,16.13767442,Turbot
39,2,16.32216216,Turbot
40,2,15.29578313,Turbot
41,2,15.55283784,Turbot
42,2,13.93222222,Turbot
43,2,14.46328571,Turbot
44,2,15.3952439,Turbot
45,2,15.07857143,Turbot
46,2,14.3035,Turbot
47,2,16.205,Turbot
48,2,16.65013889,Turbot
49,2,18.62477612,Turbot
50,2,19.8725,Turbot
51,2,19.23314286,Turbot
52,2,24.57615385,Turbot
0,3,17.72428571,Turbot
1,3,14.61493976,Turbot
2,3,13.81352941,Turbot
3,3,13.36208333,Turbot
4,3,14.11597015,Turbot
5,3,14.49478261,Turbot
6,3,17.44418182,Turbot
7,3,14.81589286,Turbot
8,3,14.75552239,Turbot
9,3,14.79594937,Turbot
10,3,15.71102941,Turbot
11,3,14.42747126,Turbot
12,3,14.15293103,Turbot
13,3,13.68975,Turbot
14,3,12.86824176,Turbot
15,3,12.91177215,Turbot
16,3,12.13389474,Turbot
17,3,10.8153125,Turbot
18,3,11.107,Turbot
19,3,11.33963636,Turbot
20,3,10.46761905,Turbot
21,3,10.59363636,Turbot
22,3,10.81043956,Turbot
23,3,10.12916667,Turbot
24,3,9.943888889,Turbot
25,3,10.03538462,Turbot
26,3,10.25625,Turbot
27,3,10.70758929,Turbot
28,3,10.80552381,Turbot
29,3,12.38290909,Turbot
30,3,13.016,Turbot
31,3,12.91397849,Turbot
32,3,13.06757576,Turbot
33,3,13.53417722,Turbot
34,3,11.77315789,Turbot
35,3,13.18686275,Turbot
36,3,13.18425926,Turbot
37,3,12.1346875,Turbot
38,3,11.99445455,Turbot
39,3,11.90109091,Turbot
40,3,11.74013793,Turbot
41,3,11.2876087,Turbot
42,3,11.37239669,Turbot
43,3,11.86330275,Turbot
44,3,11.49387387,Turbot
45,3,11.52176991,Turbot
46,3,11.62728972,Turbot
47,3,12.95132743,Turbot
48,3,13.51736842,Turbot
49,3,14.69817308,Turbot
50,3,16.60220779,Turbot
51,3,16.06864865,Turbot
52,3,17.04923077,Turbot
0,4,13.95611111,Turbot
1,4,10.07240385,Turbot
2,4,9.657920792,Turbot
3,4,10.07852632,Turbot
4,4,10.7625,Turbot
5,4,11.2298913,Turbot
6,4,13.03605634,Turbot
7,4,12.16714286,Turbot
8,4,11.5944086,Turbot
9,4,12.56816514,Turbot
10,4,12.13486957,Turbot
11,4,12.27144068,Turbot
12,4,11.69660377,Turbot
13,4,11.77583333,Turbot
14,4,11.24539683,Turbot
15,4,11.25935484,Turbot
16,4,10.08451128,Turbot
17,4,9.595384615,Turbot
18,4,9.401446541,Turbot
19,4,9.128266667,Turbot
20,4,9.661707317,Turbot
21,4,8.641575342,Turbot
22,4,9.135819672,Turbot
23,4,8.376814815,Turbot
24,4,7.880204082,Turbot
25,4,7.477448276,Turbot
26,4,8.107832168,Turbot
27,4,7.874807692,Turbot
28,4,8.44537415,Turbot
29,4,9.400933333,Turbot
30,4,9.521769231,Turbot
31,4,9.2716,Turbot
32,4,8.340147059,Turbot
33,4,8.496708861,Turbot
34,4,8.591597938,Turbot
35,4,8.830860927,Turbot
36,4,9.255471698,Turbot
37,4,8.559808917,Turbot
38,4,7.759863946,Turbot
39,4,7.957987013,Turbot
40,4,8.21745098,Turbot
41,4,8.111176471,Turbot
42,4,7.709111111,Turbot
43,4,8.156466165,Turbot
44,4,8.169815951,Turbot
45,4,8.169136691,Turbot
46,4,8.268819876,Turbot
47,4,8.382675159,Turbot
48,4,8.583769231,Turbot
49,4,9.450364964,Turbot
50,4,12.09242424,Turbot
51,4,11.97223881,Turbot
52,4,12.67666667,Turbot
0,5,9.237560976,Turbot
1,5,8.140833333,Turbot
2,5,7.864123711,Turbot
3,5,8.145765766,Turbot
4,5,8.64184466,Turbot
5,5,9.650222222,Turbot
6,5,10.56511364,Turbot
7,5,9.500625,Turbot
8,5,9.727545455,Turbot
9,5,9.939897959,Turbot
10,5,9.971086957,Turbot
11,5,9.494367816,Turbot
12,5,9.6395,Turbot
13,5,9.923203883,Turbot
14,5,9.211909091,Turbot
15,5,9.455982906,Turbot
16,5,8.139649123,Turbot
17,5,8.085491803,Turbot
18,5,7.912307692,Turbot
19,5,7.874322581,Turbot
20,5,7.68516129,Turbot
21,5,7.38464,Turbot
22,5,7.186938776,Turbot
23,5,6.888456376,Turbot
24,5,6.494899329,Turbot
25,5,6.038356164,Turbot
26,5,6.49775641,Turbot
27,5,6.949602649,Turbot
28,5,6.997449664,Turbot
29,5,7.792389381,Turbot
30,5,7.535703125,Turbot
31,5,7.456944444,Turbot
32,5,6.938474576,Turbot
33,5,6.295939394,Turbot
34,5,6.395283019,Turbot
35,5,6.719939024,Turbot
36,5,6.541081081,Turbot
37,5,6.570604027,Turbot
38,5,6.63928,Turbot
39,5,6.507621951,Turbot
40,5,6.550671642,Turbot
41,5,6.651973684,Turbot
42,5,6.340909091,Turbot
43,5,7.455467626,Turbot
44,5,6.670774194,Turbot
45,5,6.514846154,Turbot
46,5,6.78,Turbot
47,5,7.046363636,Turbot
48,5,7.009776119,Turbot
49,5,7.999158879,Turbot
50,5,9.767428571,Turbot
51,5,9.941346154,Turbot
52,5,10.53954545,Turbot
0,6,4.204705882,Turbot
1,6,4.611354167,Turbot
2,6,5.032307692,Turbot
3,6,4.590240964,Turbot
4,6,4.996363636,Turbot
5,6,5.221052632,Turbot
6,6,5.460526316,Turbot
7,6,5.625824176,Turbot
8,6,5.888088235,Turbot
9,6,5.571444444,Turbot
10,6,5.697807018,Turbot
11,6,5.833333333,Turbot
12,6,5.823555556,Turbot
13,6,5.961886792,Turbot
14,6,5.348421053,Turbot
15,6,5.784693878,Turbot
16,6,5.260403226,Turbot
17,6,4.638181818,Turbot
18,6,4.53920354,Turbot
19,6,4.559174312,Turbot
20,6,4.502792793,Turbot
21,6,4.60540146,Turbot
22,6,4.410387597,Turbot
23,6,4.554354839,Turbot
24,6,4.351481481,Turbot
25,6,4.43745283,Turbot
26,6,4.336761905,Turbot
27,6,4.716981132,Turbot
28,6,4.328426966,Turbot
29,6,5.057101449,Turbot
30,6,5.088769231,Turbot
31,6,5.017671233,Turbot
32,6,5.251052632,Turbot
33,6,4.757368421,Turbot
34,6,4.715520833,Turbot
35,6,4.776292135,Turbot
36,6,4.67375,Turbot
37,6,4.737213115,Turbot
38,6,4.575909091,Turbot
39,6,4.524158416,Turbot
40,6,4.654333333,Turbot
41,6,4.299326923,Turbot
42,6,4.37925,Turbot
43,6,4.508152174,Turbot
44,6,4.517196262,Turbot
45,6,4.536509434,Turbot
46,6,4.501666667,Turbot
47,6,4.516341463,Turbot
48,6,4.539270833,Turbot
49,6,5.025,Turbot
50,6,5.312650602,Turbot
51,6,4.994473684,Turbot
52,6,4.42375,Turbot
0,0,14.99,Sole
1,0,13.4167061,Sole
2,0,13.7260399,Sole
3,0,13.50275899,Sole
4,0,14.14136364,Sole
5,0,7.93,Sole
6,0,14.72960364,Sole
7,0,14.79,Sole
8,0,8.3,Sole
9,0,14.73234955,Sole
10,0,11.87333333,Sole
11,0,8.94,Sole
12,0,13.95015152,Sole
13,0,13.71198268,Sole
14,0,13.23704785,Sole
15,0,9.035,Sole
16,0,12.50853345,Sole
17,0,12.65800837,Sole
18,0,12.7174689,Sole
19,0,11.53,Sole
20,0,13.70401364,Sole
21,0,18.05,Sole
22,0,11.05666667,Sole
23,0,12.615,Sole
24,0,11.08,Sole
25,0,12.63255283,Sole
26,0,12.77998433,Sole
27,0,12.78770979,Sole
28,0,5.475,Sole
29,0,3.435,Sole
30,0,4.66,Sole
31,0,8.46,Sole
32,0,2.2,Sole
33,0,7.883333333,Sole
34,0,6.78,Sole
35,0,15.1,Sole
36,0,12.36859866,Sole
37,0,12.52591299,Sole
38,0,10.8,Sole
39,0,11.81477485,Sole
40,0,11.56,Sole
41,0,12.425,Sole
42,0,12.5,Sole
43,0,9.276666667,Sole
44,0,7.53,Sole
45,0,10.225,Sole
46,0,12.26512708,Sole
47,0,13.82,Sole
48,0,14.43,Sole
49,0,8.805,Sole
50,0,12.32439589,Sole
51,0,16.91,Sole
52,0,17.88,Sole
0,1,17.915,Sole
1,1,13.44384615,Sole
2,1,12.42109589,Sole
3,1,12.87285714,Sole
4,1,12.16032787,Sole
5,1,12.23953125,Sole
6,1,12.02861111,Sole
7,1,11.69911765,Sole
8,1,11.18628571,Sole
9,1,11.22857143,Sole
10,1,11.55422222,Sole
11,1,10.78067308,Sole
12,1,11.14178571,Sole
13,1,11.15516393,Sole
14,1,10.44766129,Sole
15,1,10.48459184,Sole
16,1,10.49901961,Sole
17,1,11.17797872,Sole
18,1,12.86485437,Sole
19,1,14.76489796,Sole
20,1,17.22904255,Sole
21,1,18.637125,Sole
22,1,20.13626374,Sole
23,1,17.96873563,Sole
24,1,18.98741379,Sole
25,1,18.50409091,Sole
26,1,19.00672897,Sole
27,1,19.19086957,Sole
28,1,20.42608696,Sole
29,1,20.60835165,Sole
30,1,20.75739583,Sole
31,1,20.10085366,Sole
32,1,18.21860215,Sole
33,1,17.57175258,Sole
34,1,16.88609524,Sole
35,1,16.36010638,Sole
36,1,16.72818182,Sole
37,1,16.87210526,Sole
38,1,15.87990741,Sole
39,1,15.86031579,Sole
40,1,15.11558442,Sole
41,1,15.75287356,Sole
42,1,15.5232,Sole
43,1,15.5845679,Sole
44,1,15.21449438,Sole
45,1,14.71473118,Sole
46,1,14.21282051,Sole
47,1,14.70108434,Sole
48,1,14.75781609,Sole
49,1,15.77507042,Sole
50,1,15.90261905,Sole
51,1,17.21891304,Sole
52,1,15.8796,Sole
0,2,19.20368421,Sole
1,2,14.12974684,Sole
2,2,13.18626263,Sole
3,2,13.11589474,Sole
4,2,13.45910112,Sole
5,2,13.37351351,Sole
6,2,13.48352381,Sole
7,2,13.82747475,Sole
8,2,13.19933884,Sole
9,2,13.40622047,Sole
10,2,12.87566176,Sole
11,2,12.860875,Sole
12,2,12.94489051,Sole
13,2,12.89514286,Sole
14,2,12.305,Sole
15,2,11.93528169,Sole
16,2,11.6526875,Sole
17,2,11.8408589,Sole
18,2,12.9747973,Sole
19,2,13.666,Sole
20,2,15.176,Sole
21,2,15.79945578,Sole
22,2,17.55169118,Sole
23,2,15.55102041,Sole
24,2,14.97015038,Sole
25,2,15.0468254,Sole
26,2,15.54814103,Sole
27,2,16.82154472,Sole
28,2,16.61086957,Sole
29,2,17.11866197,Sole
30,2,16.96560976,Sole
31,2,17.12752066,Sole
32,2,16.61572464,Sole
33,2,15.54516129,Sole
34,2,15.26941176,Sole
35,2,15.77489655,Sole
36,2,15.53018987,Sole
37,2,15.22019608,Sole
38,2,14.43206452,Sole
39,2,14.56892617,Sole
40,2,14.422,Sole
41,2,14.39915385,Sole
42,2,14.75273973,Sole
43,2,14.59291339,Sole
44,2,14.71304,Sole
45,2,14.73904762,Sole
46,2,14.64793651,Sole
47,2,14.72233083,Sole
48,2,14.87714286,Sole
49,2,15.39844961,Sole
50,2,16.38681159,Sole
51,2,17.29358209,Sole
52,2,16.88454545,Sole
0,3,16.25363636,Sole
1,3,12.26905983,Sole
2,3,12.23777778,Sole
3,3,11.9787395,Sole
4,3,12.45392523,Sole
5,3,12.86759259,Sole
6,3,12.7406,Sole
7,3,11.85313559,Sole
8,3,11.84984,Sole
9,3,11.96581395,Sole
10,3,12.17179688,Sole
11,3,11.53836879,Sole
12,3,11.32106557,Sole
13,3,11.39414773,Sole
14,3,10.85142857,Sole
15,3,10.41311765,Sole
16,3,10.26612903,Sole
17,3,10.12837037,Sole
18,3,11.59733766,Sole
19,3,11.62335664,Sole
20,3,13.08711864,Sole
21,3,12.79403974,Sole
22,3,13.80043165,Sole
23,3,12.79046667,Sole
24,3,12.27154839,Sole
25,3,12.21699346,Sole
26,3,12.30391304,Sole
27,3,13.11737931,Sole
28,3,12.9948227,Sole
29,3,13.22065217,Sole
30,3,13.17294118,Sole
31,3,12.64850299,Sole
32,3,11.7103012,Sole
33,3,11.51333333,Sole
34,3,11.55405556,Sole
35,3,12.07658683,Sole
36,3,12.37821622,Sole
37,3,12.40716216,Sole
38,3,12.08819355,Sole
39,3,11.71670455,Sole
40,3,11.30036585,Sole
41,3,11.11085366,Sole
42,3,11.49743421,Sole
43,3,11.87363057,Sole
44,3,11.56877419,Sole
45,3,11.65930556,Sole
46,3,11.1903876,Sole
47,3,11.49080645,Sole
48,3,11.4,Sole
49,3,12.4595,Sole
50,3,12.48709459,Sole
51,3,14.27015152,Sole
52,3,14.97192308,Sole
0,4,14.39361702,Sole
1,4,10.5629078,Sole
2,4,9.889909091,Sole
3,4,9.814336283,Sole
4,4,10.81397959,Sole
5,4,11.1976699,Sole
6,4,10.83844444,Sole
7,4,9.864273504,Sole
8,4,10.50017241,Sole
9,4,10.37604651,Sole
10,4,10.92371681,Sole
11,4,9.70375,Sole
12,4,9.546618705,Sole
13,4,9.601103448,Sole
14,4,9.385818182,Sole
15,4,8.756907895,Sole
16,4,8.213741935,Sole
17,4,8.544829932,Sole
18,4,8.956823529,Sole
19,4,10.0219084,Sole
20,4,10.73092715,Sole
21,4,10.1166129,Sole
22,4,10.72675862,Sole
23,4,9.885410959,Sole
24,4,9.900479042,Sole
25,4,9.58925,Sole
26,4,9.487385621,Sole
27,4,10.07621118,Sole
28,4,10.04302817,Sole
29,4,9.64829932,Sole
30,4,9.652881356,Sole
31,4,8.852074074,Sole
32,4,8.178502994,Sole
33,4,7.830759494,Sole
34,4,8.113575758,Sole
35,4,8.522787879,Sole
36,4,8.491022727,Sole
37,4,8.370292683,Sole
38,4,7.869388889,Sole
39,4,8.215692308,Sole
40,4,8.479079755,Sole
41,4,8.113705584,Sole
42,4,7.821158537,Sole
43,4,8.410930233,Sole
44,4,8.580228571,Sole
45,4,8.576358025,Sole
46,4,8.252763158,Sole
47,4,7.903548387,Sole
48,4,8.443161765,Sole
49,4,8.922089552,Sole
50,4,8.613741007,Sole
51,4,8.922571429,Sole
52,4,11.13464286,Sole
0,5,9.558636364,Sole
1,5,7.985342466,Sole
2,5,8.294676259,Sole
3,5,8.071395349,Sole
4,5,8.71,Sole
5,5,9.257132353,Sole
6,5,9.29824,Sole
7,5,8.878689655,Sole
8,5,9.533956835,Sole
9,5,9.300985915,Sole
10,5,9.33038961,Sole
11,5,8.527643678,Sole
12,5,8.518787879,Sole
13,5,8.280619048,Sole
14,5,7.805684211,Sole
15,5,7.651358696,Sole
16,5,7.077169811,Sole
17,5,7.226644737,Sole
18,5,7.286105263,Sole
19,5,7.994581006,Sole
20,5,8.27265,Sole
21,5,7.90520202,Sole
22,5,8.084044944,Sole
23,5,7.602830189,Sole
24,5,7.313095238,Sole
25,5,7.201189189,Sole
26,5,7.34862069,Sole
27,5,7.356346154,Sole
28,5,7.089365079,Sole
29,5,7.2446,Sole
30,5,6.923068783,Sole
31,5,6.87638191,Sole
32,5,6.703691589,Sole
33,5,6.487130802,Sole
34,5,6.635533597,Sole
35,5,6.728487395,Sole
36,5,6.937235023,Sole
37,5,7.094549356,Sole
38,5,6.897238494,Sole
39,5,6.383411215,Sole
40,5,6.669681818,Sole
41,5,6.611959799,Sole
42,5,6.636883721,Sole
43,5,6.685957447,Sole
44,5,6.883956044,Sole
45,5,6.620430108,Sole
46,5,6.833763441,Sole
47,5,6.665032258,Sole
48,5,6.796687898,Sole
49,5,6.680384615,Sole
50,5,6.893032258,Sole
51,5,7.042840909,Sole
52,5,7.768292683,Sole
0,0,13.0925,Brill
1,0,7.734210526,Brill
2,0,7.407857143,Brill
3,0,7.766,Brill
4,0,8.475789474,Brill
5,0,8.4565,Brill
6,0,9.848125,Brill
7,0,10.69928571,Brill
8,0,9.336521739,Brill
9,0,9.92826087,Brill
10,0,10.21823529,Brill
11,0,9.537647059,Brill
12,0,10.694,Brill
13,0,8.97826087,Brill
14,0,9.110434783,Brill
15,0,8.999032258,Brill
16,0,8.407,Brill
17,0,9.277777778,Brill
18,0,7.589166667,Brill
19,0,8.908148148,Brill
20,0,9.648571429,Brill
21,0,10.65388889,Brill
22,0,12.31263158,Brill
23,0,10.29357143,Brill
24,0,9.357272727,Brill
25,0,10.65933333,Brill
26,0,11.04473684,Brill
27,0,9.002,Brill
28,0,8.22,Brill
29,0,10.71,Brill
30,0,5.958,Brill
31,0,9.783,Brill
32,0,7.624285714,Brill
33,0,7.966470588,Brill
34,0,8.315,Brill
35,0,7.433333333,Brill
36,0,10.12666667,Brill
37,0,7.562105263,Brill
38,0,7.930555556,Brill
39,0,6.059411765,Brill
40,0,7.328947368,Brill
41,0,5.46125,Brill
42,0,7.28173913,Brill
43,0,7.761904762,Brill
44,0,9.450769231,Brill
45,0,7.3036,Brill
46,0,7.178888889,Brill
47,0,7.7675,Brill
48,0,7.0975,Brill
49,0,8.64375,Brill
50,0,8.793333333,Brill
51,0,5.586666667,Brill
52,0,10.94,Brill
0,1,14.3103125,Brill
1,1,9.620842105,Brill
2,1,9.156338028,Brill
3,1,9.563376623,Brill
4,1,9.239545455,Brill
5,1,10.08285714,Brill
6,1,10.90439394,Brill
7,1,10.29215054,Brill
8,1,9.96597561,Brill
9,1,9.613761468,Brill
10,1,9.947179487,Brill
11,1,9.841610169,Brill
12,1,9.60989011,Brill
13,1,10.25949275,Brill
14,1,9.975940594,Brill
15,1,9.965612245,Brill
16,1,10.04110294,Brill
17,1,10.39198113,Brill
18,1,10.78743119,Brill
19,1,11.33126214,Brill
20,1,11.71348315,Brill
21,1,12.06604938,Brill
22,1,12.54741935,Brill
23,1,12.44808824,Brill
24,1,12.17188235,Brill
25,1,11.54481928,Brill
26,1,11.123375,Brill
27,1,10.37721519,Brill
28,1,10.66830986,Brill
29,1,11.40698413,Brill
30,1,12.04111111,Brill
31,1,10.65704225,Brill
32,1,9.650985915,Brill
33,1,8.988736842,Brill
34,1,9.225652174,Brill
35,1,9.426082474,Brill
36,1,9.858490566,Brill
37,1,9.679396552,Brill
38,1,9.086138614,Brill
39,1,8.949069767,Brill
40,1,8.9816,Brill
41,1,8.718543689,Brill
42,1,8.4387,Brill
43,1,8.397032967,Brill
44,1,8.455434783,Brill
45,1,8.559579832,Brill
46,1,8.143068182,Brill
47,1,8.434086022,Brill
48,1,8.631111111,Brill
49,1,10.466,Brill
50,1,12.60696203,Brill
51,1,13.03906977,Brill
52,1,12.96043478,Brill
0,2,7.866,Brill
1,2,6.3571875,Brill
2,2,5.975333333,Brill
3,2,6.398548387,Brill
4,2,6.909038462,Brill
5,2,7.042586207,Brill
6,2,9.229347826,Brill
7,2,8.4196875,Brill
8,2,8.01234375,Brill
9,2,7.99962963,Brill
10,2,8.656621622,Brill
11,2,8.685180723,Brill
12,2,8.410795455,Brill
13,2,9.063026316,Brill
14,2,8.815473684,Brill
15,2,8.737888889,Brill
16,2,8.525869565,Brill
17,2,8.297901235,Brill
18,2,8.669156627,Brill
19,2,9.798928571,Brill
20,2,9.951126761,Brill
21,2,10.34231579,Brill
22,2,11.05376623,Brill
23,2,10.84391304,Brill
24,2,10.75954023,Brill
25,2,9.985131579,Brill
26,2,9.635,Brill
27,2,9.790746269,Brill
28,2,9.910746269,Brill
29,2,10.91837838,Brill
30,2,11.280625,Brill
31,2,8.586111111,Brill
32,2,7.2445,Brill
33,2,6.439333333,Brill
34,2,6.728390805,Brill
35,2,7.098550725,Brill
36,2,6.84617284,Brill
37,2,7.036329114,Brill
38,2,6.714109589,Brill
39,2,6.225888889,Brill
40,2,6.045555556,Brill
41,2,6.109021739,Brill
42,2,5.717808219,Brill
43,2,5.987746479,Brill
44,2,5.511486486,Brill
45,2,5.516,Brill
46,2,5.561866667,Brill
47,2,5.433571429,Brill
48,2,5.4056,Brill
49,2,6.2075,Brill
50,2,7.541904762,Brill
51,2,6.839310345,Brill
52,2,7.274615385,Brill
0,3,4.530869565,Brill
1,3,3.340204082,Brill
2,3,3.7168,Brill
3,3,3.861052632,Brill
4,3,4.648979592,Brill
5,3,4.598863636,Brill
6,3,4.99475,Brill
7,3,4.944358974,Brill
8,3,5.353191489,Brill
9,3,4.70195122,Brill
10,3,5.440363636,Brill
11,3,4.959411765,Brill
12,3,5.084888889,Brill
13,3,5.127017544,Brill
14,3,4.797755102,Brill
15,3,4.942708333,Brill
16,3,4.740422535,Brill
17,3,4.124603175,Brill
18,3,4.245733333,Brill
19,3,4.182545455,Brill
20,3,4.124259259,Brill
21,3,4.278474576,Brill
22,3,4.101290323,Brill
23,3,4.2212,Brill
24,3,3.98971831,Brill
25,3,4.049,Brill
26,3,3.535681818,Brill
27,3,3.909402985,Brill
28,3,3.4075,Brill
29,3,3.426363636,Brill
30,3,3.268518519,Brill
31,3,3.118627451,Brill
32,3,3.001458333,Brill
33,3,2.800684932,Brill
34,3,3.057419355,Brill
35,3,3.102413793,Brill
36,3,3.239014085,Brill
37,3,3.030666667,Brill
38,3,3.09,Brill
39,3,2.659818182,Brill
40,3,2.962835821,Brill
41,3,3.010344828,Brill
42,3,3.092641509,Brill
43,3,3.049310345,Brill
44,3,3.351333333,Brill
45,3,3.478055556,Brill
46,3,3.7726,Brill
47,3,3.805,Brill
48,3,3.769423077,Brill
49,3,4.470625,Brill
50,3,4.138333333,Brill
51,3,4.668666667,Brill
52,3,5.027777778,Brill
0,0,2.645,Cod
1,0,3.08,Cod
2,0,2.704444444,Cod
3,0,2.301428571,Cod
4,0,2.886428571,Cod
5,0,2.69,Cod
6,0,1.539166667,Cod
7,0,1.586666667,Cod
8,0,1.86,Cod
9,0,0.87,Cod
10,0,1.1,Cod
11,0,1.425,Cod
12,0,0.738333333,Cod
13,0,0.915,Cod
14,0,2.247857143,Cod
15,0,2.15,Cod
16,0,1.11,Cod
17,0,0.975,Cod
18,0,1.36,Cod
19,0,1.93,Cod
20,0,0.01,Cod
21,0,1.872666667,Cod
22,0,0.775,Cod
23,0,1.81,Cod
24,0,1.61,Cod
25,0,1.15,Cod
26,0,2.295,Cod
27,0,2.01,Cod
28,0,0.85,Cod
29,0,1.23,Cod
30,0,0.7,Cod
31,0,1.72,Cod
32,0,2.3425,Cod
33,0,0.69,Cod
34,0,0.666666667,Cod
35,0,1.08,Cod
36,0,1.9362,Cod
37,0,2.028333333,Cod
38,0,1.74,Cod
39,0,1.22,Cod
40,0,1.03,Cod
41,0,0.37,Cod
42,0,1.36,Cod
43,0,1.306,Cod
44,0,1.14,Cod
45,0,3.31,Cod
46,0,2.565,Cod
47,0,1.515,Cod
48,0,2.274,Cod
49,0,3.571818182,Cod
50,0,2.019090909,Cod
51,0,3.25,Cod
52,0,3.503333333,Cod
0,1,5.362777778,Cod
1,1,3.649038462,Cod
2,1,3.096935484,Cod
3,1,3.0263,Cod
4,1,2.916451613,Cod
5,1,2.821836735,Cod
6,1,2.767682927,Cod
7,1,2.858205128,Cod
8,1,2.958518519,Cod
9,1,3.102631579,Cod
10,1,3.078888889,Cod
11,1,3.37962963,Cod
12,1,3.513773585,Cod
13,1,3.63969697,Cod
14,1,3.740526316,Cod
15,1,3.961428571,Cod
16,1,3.927777778,Cod
17,1,3.696578947,Cod
18,1,3.580967742,Cod
19,1,3.205666667,Cod
20,1,3.517727273,Cod
21,1,3.63125,Cod
22,1,4.317368421,Cod
23,1,3.7465625,Cod
24,1,3.883125,Cod
25,1,3.593043478,Cod
26,1,3.632,Cod
27,1,3.976875,Cod
28,1,4.3405,Cod
29,1,4.274705882,Cod
30,1,4.705,Cod
31,1,4.744166667,Cod
32,1,4.2775,Cod
33,1,4.720588235,Cod
34,1,4.635384615,Cod
35,1,4.360526316,Cod
36,1,4.257894737,Cod
37,1,4.295714286,Cod
38,1,4.1172,Cod
39,1,4.373571429,Cod
40,1,4.733888889,Cod
41,1,4.581071429,Cod
42,1,4.138,Cod
43,1,4.906363636,Cod
44,1,3.973333333,Cod
45,1,3.915641026,Cod
46,1,3.471428571,Cod
47,1,3.694313725,Cod
48,1,3.415106383,Cod
49,1,3.583148148,Cod
50,1,3.696333333,Cod
51,1,3.759285714,Cod
52,1,5.123333333,Cod
0,2,5.575277778,Cod
1,2,3.786165414,Cod
2,2,3.3244,Cod
3,2,3.349387755,Cod
4,2,3.163942308,Cod
5,2,3.103888889,Cod
6,2,3.031636364,Cod
7,2,3.042792793,Cod
8,2,3.350114943,Cod
9,2,3.298653846,Cod
10,2,3.365274725,Cod
11,2,3.595238095,Cod
12,2,3.914027778,Cod
13,2,3.807446809,Cod
14,2,4.055324675,Cod
15,2,4.107460317,Cod
16,2,3.963636364,Cod
17,2,3.633076923,Cod
18,2,3.820625,Cod
19,2,3.403773585,Cod
20,2,3.665227273,Cod
21,2,3.704545455,Cod
22,2,4.0276,Cod
23,2,3.82775,Cod
24,2,3.60509434,Cod
25,2,4.124615385,Cod
26,2,3.834693878,Cod
27,2,4.533023256,Cod
28,2,4.619111111,Cod
29,2,4.051395349,Cod
30,2,4.588,Cod
31,2,4.832857143,Cod
32,2,4.370512821,Cod
33,2,4.312307692,Cod
34,2,4.3,Cod
35,2,4.676111111,Cod
36,2,4.428571429,Cod
37,2,4.396097561,Cod
38,2,4.268510638,Cod
39,2,4.225,Cod
40,2,4.528387097,Cod
41,2,4.627818182,Cod
42,2,4.457538462,Cod
43,2,4.405294118,Cod
44,2,4.215972222,Cod
45,2,4.032,Cod
46,2,3.755777778,Cod
47,2,3.832564103,Cod
48,2,3.760093458,Cod
49,2,3.540163934,Cod
50,2,3.786697248,Cod
51,2,3.940816327,Cod
52,2,5.166774194,Cod
0,3,4.905,Cod
1,3,3.329389313,Cod
2,3,3.152970297,Cod
3,3,3.0317,Cod
4,3,2.891946903,Cod
5,3,2.994859813,Cod
6,3,2.872386364,Cod
7,3,3.038773585,Cod
8,3,3.23297619,Cod
9,3,3.442,Cod
10,3,3.304700855,Cod
11,3,3.403953488,Cod
12,3,3.709690722,Cod
13,3,3.777938144,Cod
14,3,3.966930693,Cod
15,3,4.102857143,Cod
16,3,3.726304348,Cod
17,3,3.376708861,Cod
18,3,3.289494949,Cod
19,3,3.245176471,Cod
20,3,3.483150685,Cod
21,3,3.406853933,Cod
22,3,3.57952381,Cod
23,3,3.485978261,Cod
24,3,3.46739726,Cod
25,3,3.673382353,Cod
26,3,3.480111111,Cod
27,3,3.927638889,Cod
28,3,4.048846154,Cod
29,3,3.693802817,Cod
30,3,3.970862069,Cod
31,3,3.847580645,Cod
32,3,3.785925926,Cod
33,3,3.718030303,Cod
34,3,3.907582418,Cod
35,3,3.845205479,Cod
36,3,3.638842105,Cod
37,3,3.770645161,Cod
38,3,3.606823529,Cod
39,3,3.769680851,Cod
40,3,4.195108696,Cod
41,3,3.837948718,Cod
42,3,3.642173913,Cod
43,3,4.026330275,Cod
44,3,3.70288,Cod
45,3,3.366043165,Cod
46,3,3.244188034,Cod
47,3,3.350746269,Cod
48,3,3.0603125,Cod
49,3,3.053026316,Cod
50,3,3.1476,Cod
51,3,3.358987342,Cod
52,3,4.52375,Cod
0,4,3.971428571,Cod
1,4,2.933333333,Cod
2,4,2.812467532,Cod
3,4,2.733369565,Cod
4,4,2.5731,Cod
5,4,2.665098039,Cod
6,4,2.774375,Cod
7,4,2.735802469,Cod
8,4,2.765783133,Cod
9,4,2.909,Cod
10,4,2.918738739,Cod
11,4,2.806864407,Cod
12,4,3.159259259,Cod
13,4,3.355272727,Cod
14,4,3.468712871,Cod
15,4,3.458737864,Cod
16,4,3.216576577,Cod
17,4,2.789081633,Cod
18,4,2.977234043,Cod
19,4,2.763596491,Cod
20,4,2.932048193,Cod
21,4,3.020666667,Cod
22,4,2.844216867,Cod
23,4,3.035483871,Cod
24,4,2.954044944,Cod
25,4,3.127183099,Cod
26,4,3.140375,Cod
27,4,3.360133333,Cod
28,4,3.424246575,Cod
29,4,3.085230769,Cod
30,4,3.185846154,Cod
31,4,3.405,Cod
32,4,3.155465116,Cod
33,4,3.114086022,Cod
34,4,3.333972603,Cod
35,4,3.145789474,Cod
36,4,3.20968254,Cod
37,4,3.196984127,Cod
38,4,2.967692308,Cod
39,4,2.965909091,Cod
40,4,3.210891089,Cod
41,4,2.951386139,Cod
42,4,3.1075,Cod
43,4,3.210744681,Cod
44,4,2.931652174,Cod
45,4,2.802164179,Cod
46,4,2.680787402,Cod
47,4,2.605833333,Cod
48,4,2.552380952,Cod
49,4,2.58515625,Cod
50,4,2.679339623,Cod
51,4,2.997659574,Cod
52,4,3.618292683,Cod
0,5,2.919761905,Cod
1,5,2.187652174,Cod
2,5,2.368888889,Cod
3,5,2.127578947,Cod
4,5,2.220333333,Cod
5,5,2.141304348,Cod
6,5,2.03,Cod
7,5,2.114574468,Cod
8,5,2.266716418,Cod
9,5,2.422873563,Cod
10,5,2.245833333,Cod
11,5,2.370375,Cod
12,5,2.322527473,Cod
13,5,2.342025316,Cod
14,5,2.487341772,Cod
15,5,2.522954545,Cod
16,5,2.376021505,Cod
17,5,2.081846154,Cod
18,5,2.125425532,Cod
19,5,1.923448276,Cod
20,5,2.102643678,Cod
21,5,2.055346535,Cod
22,5,2.132696629,Cod
23,5,2.035132743,Cod
24,5,2.099484536,Cod
25,5,2.081489362,Cod
26,5,2.23244186,Cod
27,5,2.38047619,Cod
28,5,2.415,Cod
29,5,2.475806452,Cod
30,5,2.346962025,Cod
31,5,2.387936508,Cod
32,5,2.41530303,Cod
33,5,2.377777778,Cod
34,5,2.445697674,Cod
35,5,2.362891566,Cod
36,5,2.168630137,Cod
37,5,2.3025,Cod
38,5,2.137425743,Cod
39,5,2.28606383,Cod
40,5,2.360444444,Cod
41,5,2.285546218,Cod
42,5,2.270530973,Cod
43,5,2.304606742,Cod
44,5,2.21984127,Cod
45,5,2.098,Cod
46,5,2.058962264,Cod
47,5,2.002148148,Cod
48,5,1.810714286,Cod
49,5,2.100841121,Cod
50,5,1.905737705,Cod
51,5,2.130151515,Cod
52,5,2.5335,Cod
0,6,2.46,Cod
1,6,2.062962963,Cod
2,6,2.105416667,Cod
3,6,1.426086957,Cod
4,6,1.764666667,Cod
5,6,1.788965517,Cod
6,6,1.523333333,Cod
7,6,1.86375,Cod
8,6,1.951363636,Cod
9,6,1.970526316,Cod
10,6,1.995454545,Cod
11,6,1.9792,Cod
12,6,1.816086957,Cod
13,6,2.038125,Cod
14,6,2.062857143,Cod
15,6,2.080666667,Cod
16,6,1.644516129,Cod
17,6,1.894782609,Cod
18,6,1.75,Cod
19,6,1.730909091,Cod
20,6,1.974736842,Cod
21,6,1.687666667,Cod
22,6,1.639655172,Cod
23,6,1.625,Cod
24,6,1.866666667,Cod
25,6,2.089545455,Cod
26,6,2.11,Cod
27,6,1.885294118,Cod
28,6,2.237619048,Cod
29,6,2.004583333,Cod
30,6,2.043125,Cod
31,6,2.127307692,Cod
32,6,2.1575,Cod
33,6,2.061666667,Cod
34,6,2.112857143,Cod
35,6,1.910384615,Cod
36,6,1.7512,Cod
37,6,1.843333333,Cod
38,6,1.811612903,Cod
39,6,1.885,Cod
40,6,2.065135135,Cod
41,6,1.766666667,Cod
42,6,1.951818182,Cod
43,6,2.046818182,Cod
44,6,1.8905,Cod
45,6,1.62375,Cod
46,6,1.589655172,Cod
47,6,1.6575,Cod
48,6,1.69137931,Cod
49,6,1.494166667,Cod
50,6,1.390909091,Cod
51,6,1.384,Cod
52,6,2.144,Cod
